like_id,user_id,cafe_id,epoch_timestamp,
1,478,ChIJ0aVF46v2aS4Rnh8lZ3d5tUQ,1987-11-11T14:31:00Z, 
2,775,ChIJLxBcNEz1aS4Rz-ylGMhisWI,1971-07-18T16:31:27Z,
3,231,ChIJAQAAADvxaS4RYy8Y43ojJmg,1997-01-22T23:52:18Z,
4,447,ChIJ5264kWf1aS4R9ED7F-k4SFI,1986-09-01T04:15:31Z,
5,435,ChIJPyAcAqj2aS4RvmUSW1Spylw,2006-08-21T09:22:37Z,
6,84,ChIJG3_xiybyaS4RQ1Dv5Vaq2uI,1990-08-20T14:47:59Z,
7,250,ChIJnauaQJP1aS4RDsAu9OYNn-c,1979-04-28T12:20:42Z,
8,912,ChIJP_KCL7_xaS4RK-0fDLYtghU,1980-08-30T13:12:23Z,
9,151,ChIJPyAcAqj2aS4RvmUSW1Spylw,2011-10-16T03:16:37Z,
10,493,ChIJgfpdJw71aS4Rf9HLMDr7GQ8,2002-10-05T15:19:26Z,
11,776,ChIJgfpdJw71aS4Rf9HLMDr7GQ8,1980-03-17T13:39:42Z,
12,666,ChIJNVc1Tnj2aS4RJjDPK_m5LPc,1996-03-31T07:11:07Z,
13,91,ChIJ1_Zg-yPzaS4RIwjcrpDXCxA,1991-09-12T00:43:11Z,
14,926,ChIJp8qLSgD0aS4RgRrAqtNTu7I,2004-02-16T16:59:14Z,
15,283,ChIJW_4bsXP0aS4RdvVxk8IA3vc,2014-02-04T03:18:02Z,
16,566,ChIJlX0F7przaS4RiylbKJgpq-o,1998-07-12T00:58:22Z,
17,868,ChIJGQ1hkdX1aS4Rq1rdFefMN38,1990-04-03T04:05:23Z,
18,929,ChIJ-WUWgGbxaS4RpyA6ZgEyvSQ,1999-01-28T09:00:23Z,
19,824,ChIJrxQ45X7xaS4RHH5b8A1WCqQ,2005-10-22T17:39:21Z,
20,767,ChIJ_2OANZjxaS4RFaJTQ2w8njs,1979-11-08T06:33:24Z,
21,295,ChIJBXQMVOzzaS4RVYIMC8ymGqk,1993-12-08T01:12:22Z,
22,470,ChIJy7e0JS_0aS4R95MRrols1bk,2006-07-02T20:37:54Z,
23,523,ChIJJ0U1TiD0aS4RS43bPQZK6Dw,1973-02-27T00:46:01Z,
24,884,ChIJG3_xiybyaS4RQ1Dv5Vaq2uI,1998-09-02T13:26:42Z,
25,60,ChIJVyllMOL1aS4R5fVisPHnq-M,1995-09-15T09:54:51Z,
26,353,ChIJ4Umhf13xaS4RyFgMEN82SGw,1984-09-15T15:47:35Z,
27,383,ChIJg7gmT4DxaS4RCzc0ClyYMGw,1992-01-16T23:59:48Z,
28,843,ChIJHxRrAlzxaS4ROnIj33hO9qc,2001-09-23T10:50:23Z,
29,255,ChIJfSWhHbD2aS4RSlEjjjW7Jvc,1977-07-29T06:05:15Z,
30,75,ChIJcwgt_yX0aS4R-914aD6UsyU,1987-04-25T13:54:38Z,
31,46,ChIJGVSN3fnzaS4R3w9qNDpIbjs,2008-04-02T01:52:06Z,
32,226,ChIJ09d8yrLzaS4RJSpBe3soAK8,1977-03-09T11:33:28Z,
33,598,ChIJW_4bsXP0aS4RdvVxk8IA3vc,2006-09-17T23:34:08Z,
34,429,ChIJ1V1pomv0aS4RuKukVVZqrI0,1971-01-17T19:55:17Z,
35,58,ChIJ9XaW1dXzaS4RdYApBrzQ-Q4,2022-08-03T15:21:07Z,
36,837,ChIJ801wIyb0aS4RLceC1-Ez7HY,2004-05-15T13:48:14Z,
37,409,ChIJGVD9v071aS4RAUZnEuuv9cw,1973-03-19T03:58:24Z,
38,999,ChIJvQ15L9j1aS4R9Vg1P2V_scw,2022-03-23T14:02:22Z,
39,325,ChIJiRm_8wz3aS4RY177Lp0wIQI,1996-11-10T01:27:05Z,
40,299,ChIJmS8JUrT2aS4R99BZY-87klI,2004-08-01T04:16:07Z,
41,663,ChIJgfpdJw71aS4Rf9HLMDr7GQ8,1976-05-23T03:55:09Z,
42,286,ChIJtX1aSBT0aS4RYeoXrSXRWCY,1977-10-02T03:36:35Z,
43,113,ChIJ6SEPNDz3aS4R4vV0JZXzhx8,2021-03-20T15:57:51Z,
44,314,ChIJn29omlLxaS4R_jLgTKMrEAI,1998-10-14T14:08:48Z,
45,489,ChIJfSWhHbD2aS4RSlEjjjW7Jvc,2013-06-01T11:11:39Z,
46,997,ChIJgRjK06TxaS4RBD-wD_3NM4c,2005-01-24T08:02:36Z,
47,618,ChIJg7gmT4DxaS4RCzc0ClyYMGw,2017-02-22T00:45:18Z,
48,578,ChIJsQOmkgj0aS4RHs7WWNfPiZE,2011-09-28T05:55:29Z,
49,639,ChIJx_DulDn0aS4Rz1M0qxD0HXc,2017-01-29T12:31:37Z,
50,887,ChIJ1_Zg-yPzaS4RIwjcrpDXCxA,1972-07-21T19:17:49Z,
51,646,ChIJ9XaW1dXzaS4RdYApBrzQ-Q4,1979-06-08T19:02:52Z,
52,760,ChIJTW1sJjbzaS4R3dLZuM7aRVI,2010-07-08T18:35:52Z,
53,48,ChIJi2bcxOv1aS4RRpyWk30UrUI,2009-03-07T20:16:54Z,
54,449,ChIJBXQMVOzzaS4RVYIMC8ymGqk,1986-03-09T20:26:27Z,
55,313,ChIJtX1aSBT0aS4RYeoXrSXRWCY,1982-11-09T09:44:47Z,
56,775,ChIJL_hVP5TzaS4R7xRcTWCjvQY,2019-05-27T20:08:20Z,
57,284,ChIJTW1sJjbzaS4R3dLZuM7aRVI,2010-04-30T04:09:03Z,
58,497,ChIJ9XaW1dXzaS4RdYApBrzQ-Q4,1976-03-02T13:29:50Z,
59,387,ChIJAQBAgSb0aS4Rpl46Fe8jWqA,1975-10-24T14:36:37Z,
60,85,ChIJp8qLSgD0aS4RgRrAqtNTu7I,1980-08-25T21:48:40Z,
61,191,ChIJL_hVP5TzaS4R7xRcTWCjvQY,1994-12-29T15:02:44Z,
62,372,ChIJGVD9v071aS4RAUZnEuuv9cw,1971-01-28T10:29:37Z,
63,808,ChIJYRUKpZTzaS4R23Mg0scMfSA,1993-05-25T22:37:43Z,
64,465,ChIJLSH8Jz_0aS4R_fiIMX4JkO8,2017-02-10T04:58:56Z,
65,379,ChIJLxBcNEz1aS4Rz-ylGMhisWI,2002-11-19T10:36:08Z,
66,17,ChIJAQBAgSb0aS4Rpl46Fe8jWqA,2003-10-29T16:59:00Z,
67,79,ChIJIVgDwITzaS4RoLDF92SgAB0,1995-01-02T14:58:04Z,
68,373,ChIJw19o1YL0aS4RBaSpx6ev-VQ,1982-01-28T11:55:35Z,
69,937,ChIJgRjK06TxaS4RBD-wD_3NM4c,1996-06-12T02:17:04Z,
70,919,ChIJ8ccilZPzaS4R6FvhaRIeJGM,1985-01-10T09:20:15Z,
71,41,ChIJcwgt_yX0aS4R-914aD6UsyU,2013-01-21T13:08:48Z,
72,43,ChIJR-d4u7LzaS4REMccUOjESM4,1991-03-26T07:27:20Z,
73,718,ChIJ1_Zg-yPzaS4RIwjcrpDXCxA,2013-01-01T00:58:10Z,
74,239,ChIJBXQMVOzzaS4RVYIMC8ymGqk,2016-06-16T17:56:45Z,
75,655,ChIJxzoGIT_0aS4R-8F9vOO-kzk,2016-03-10T03:01:46Z,
76,786,ChIJW_4bsXP0aS4RdvVxk8IA3vc,1992-09-02T16:58:30Z,
77,670,ChIJ0wJppUjxaS4RowZMZwNYaqY,1977-05-02T11:04:54Z,
78,781,ChIJmaMBRFz1aS4RtpAvB4xYGow,2016-04-23T22:51:29Z,
79,65,ChIJC-Gvr3_zaS4Rn6xyGuAxWDE,2014-08-06T07:52:48Z,
80,565,ChIJYRUKpZTzaS4R23Mg0scMfSA,2003-02-11T14:28:33Z,
81,129,ChIJiRm_8wz3aS4RY177Lp0wIQI,1986-11-22T19:48:00Z,
82,962,ChIJq4gFVIjxaS4RT7tBSmrflLI,2001-02-10T19:57:38Z,
83,63,ChIJgRjK06TxaS4RBD-wD_3NM4c,1992-08-25T00:02:20Z,
84,611,ChIJ-8eV1_bzaS4RGcv6l8kxBsE,1980-07-03T01:26:19Z,
85,615,ChIJwUYPPlDxaS4RQfXf5-zv3Mg,2010-07-07T01:26:19Z,
86,715,ChIJy7e0JS_0aS4R95MRrols1bk,1989-10-28T18:36:34Z,
87,486,ChIJp8qLSgD0aS4RgRrAqtNTu7I,1985-10-04T02:41:01Z,
88,405,ChIJq4gFVIjxaS4RT7tBSmrflLI,1986-05-17T09:26:15Z,
89,609,ChIJ801wIyb0aS4RLceC1-Ez7HY,1988-10-04T02:24:53Z,
90,482,ChIJGQ1hkdX1aS4Rq1rdFefMN38,2008-02-28T04:13:29Z,
91,237,ChIJmaMBRFz1aS4RtpAvB4xYGow,1981-04-09T05:49:11Z,
92,533,ChIJvQ15L9j1aS4R9Vg1P2V_scw,1976-12-02T21:55:44Z,
93,435,ChIJ9UFwzvbzaS4R91dtdzt6_U8,1975-01-03T09:20:06Z,
94,39,ChIJ5264kWf1aS4R9ED7F-k4SFI,1970-11-08T17:54:11Z,
95,364,ChIJp0ZODSz1aS4RdTVv3fRpvPI,2019-08-19T07:40:06Z,
96,290,ChIJgRjK06TxaS4RBD-wD_3NM4c,2019-12-04T18:00:01Z,
97,809,ChIJLSH8Jz_0aS4R_fiIMX4JkO8,1979-03-23T11:33:58Z,
98,339,ChIJMZdo9l7xaS4RX260ajTz9-Q,1978-01-21T13:32:45Z,
99,307,ChIJ6SEPNDz3aS4R4vV0JZXzhx8,2014-11-04T21:12:50Z,
100,628,ChIJ1V1pomv0aS4RuKukVVZqrI0,2003-10-28T15:00:39Z,
101,920,ChIJ4Umhf13xaS4RyFgMEN82SGw,1972-12-08T21:15:16Z,
102,740,ChIJR-d4u7LzaS4REMccUOjESM4,2002-01-20T21:29:38Z,
103,148,ChIJmS8JUrT2aS4R99BZY-87klI,1994-09-04T11:50:58Z,
104,811,ChIJwWb9eQj0aS4Rp0okRO3P3-Y,1984-03-25T18:12:09Z,
105,759,ChIJf3dvwCT1aS4RHt8NU4_ajeg,2007-11-12T17:25:17Z,
106,627,ChIJAQAAADvxaS4RYy8Y43ojJmg,2013-10-31T07:46:09Z,
107,707,ChIJi2bcxOv1aS4RRpyWk30UrUI,2019-02-07T05:15:42Z,
108,672,ChIJKQIm3L3zaS4RoPhv_j0rx68,2006-04-04T19:34:50Z,
109,459,ChIJGVD9v071aS4RAUZnEuuv9cw,1992-04-17T14:59:01Z,
110,224,ChIJf6MNsRj0aS4RDjI7MBqjIG4,2010-11-01T19:06:36Z,
111,304,ChIJnauaQJP1aS4RDsAu9OYNn-c,2015-08-08T19:23:32Z,
112,521,ChIJNVc1Tnj2aS4RJjDPK_m5LPc,2016-01-27T02:12:47Z,
113,541,ChIJ5264kWf1aS4R9ED7F-k4SFI,1988-04-23T10:19:36Z,
114,755,ChIJ1_Zg-yPzaS4RIwjcrpDXCxA,2016-05-26T11:45:42Z,
115,976,ChIJW_4P3yfzaS4RgPMpfYJEilQ,1983-09-27T07:41:11Z,
116,938,ChIJVyllMOL1aS4R5fVisPHnq-M,2012-03-10T04:50:57Z,
117,836,ChIJy7e0JS_0aS4R95MRrols1bk,1997-10-15T02:33:44Z,
118,411,ChIJMZdo9l7xaS4RX260ajTz9-Q,2007-04-20T16:18:08Z,
119,84,ChIJURGjzivyaS4ROAwJ5HY-wZA,2006-05-04T08:05:08Z,
120,563,ChIJfSWhHbD2aS4RSlEjjjW7Jvc,2006-07-01T22:43:44Z,
121,214,ChIJG3_xiybyaS4RQ1Dv5Vaq2uI,1984-04-26T11:24:58Z,
122,137,ChIJgw8nWvnxaS4RT17DoeMT93o,2010-01-28T07:06:27Z,
123,505,ChIJGQ1hkdX1aS4Rq1rdFefMN38,1985-08-27T01:35:17Z,
124,653,ChIJI552ai_1aS4RcUT9cGVR6yI,2009-07-07T13:33:21Z,
125,645,ChIJGVSN3fnzaS4R3w9qNDpIbjs,1997-11-22T07:13:16Z,
126,3,ChIJnauaQJP1aS4RDsAu9OYNn-c,1978-03-19T21:25:46Z,
127,433,ChIJ5264kWf1aS4R9ED7F-k4SFI,1981-04-13T19:55:42Z,
128,11,ChIJ1_Zg-yPzaS4RIwjcrpDXCxA,2013-03-07T23:43:19Z,
129,466,ChIJJ0U1TiD0aS4RS43bPQZK6Dw,1982-10-05T14:55:02Z,
130,563,ChIJ1V1pomv0aS4RuKukVVZqrI0,1983-08-11T14:49:41Z,
131,7,ChIJnauaQJP1aS4RDsAu9OYNn-c,2013-11-27T13:55:15Z,
132,910,ChIJvQ15L9j1aS4R9Vg1P2V_scw,2007-06-26T21:05:43Z,
133,585,ChIJ1V1pomv0aS4RuKukVVZqrI0,1978-09-04T09:56:24Z,
134,371,ChIJ09d8yrLzaS4RJSpBe3soAK8,2012-09-06T09:02:21Z,
135,392,ChIJGVD9v071aS4RAUZnEuuv9cw,2005-04-15T22:29:20Z,
136,701,ChIJq4gFVIjxaS4RT7tBSmrflLI,1970-12-30T00:45:19Z,
137,418,ChIJ-WUWgGbxaS4RpyA6ZgEyvSQ,1978-12-15T07:26:05Z,
138,496,ChIJtX1aSBT0aS4RYeoXrSXRWCY,2011-12-03T20:08:31Z,
139,858,ChIJR-d4u7LzaS4REMccUOjESM4,2003-11-13T15:28:04Z,
140,49,ChIJy7e0JS_0aS4R95MRrols1bk,1997-01-17T17:15:45Z,
141,636,ChIJcwgt_yX0aS4R-914aD6UsyU,2017-02-07T03:29:16Z,
142,322,ChIJSSiBI8LxaS4RNNFCSObC2YE,2007-03-01T21:12:27Z,
143,394,ChIJ801wIyb0aS4RLceC1-Ez7HY,2005-11-03T14:51:22Z,
144,349,ChIJAQBAgSb0aS4Rpl46Fe8jWqA,2004-04-22T23:57:52Z,
145,845,ChIJ6SEPNDz3aS4R4vV0JZXzhx8,1985-09-29T06:09:30Z,
146,107,ChIJB69uV3v1aS4Ra5IjAWeQWu4,1974-04-04T01:51:50Z,
147,85,ChIJAQAAADvxaS4RYy8Y43ojJmg,2013-11-20T07:49:14Z,
148,336,ChIJ5264kWf1aS4R9ED7F-k4SFI,1989-02-14T08:42:40Z,
149,607,ChIJqT4xjkz2aS4Rchw7cwhotAk,2004-03-15T03:41:33Z,
150,334,ChIJZ3frHBX0aS4Rb3PvKlxkrHk,1997-03-15T06:26:37Z,
151,144,ChIJPyAcAqj2aS4RvmUSW1Spylw,1984-10-16T15:34:30Z,
152,63,ChIJn29omlLxaS4R_jLgTKMrEAI,2017-05-31T06:08:49Z,
153,187,ChIJ-8lqzk3zaS4Rh2M9FQYV9e4,1998-06-24T19:18:34Z,
154,562,ChIJlTlbeInxaS4R69-iUDBNNtw,1994-12-26T14:16:48Z,
155,368,ChIJi2bcxOv1aS4RRpyWk30UrUI,2003-09-09T17:24:48Z,
156,18,ChIJgRjK06TxaS4RBD-wD_3NM4c,2007-10-25T09:57:13Z,
157,593,ChIJxzoGIT_0aS4R-8F9vOO-kzk,1991-11-04T08:04:49Z,
158,129,ChIJ-8eV1_bzaS4RGcv6l8kxBsE,1975-05-14T23:19:41Z,
159,398,ChIJ0_F9RMfzaS4R8JtcOyfNnzU,1985-12-27T14:51:03Z,
160,326,ChIJp0ZODSz1aS4RdTVv3fRpvPI,2002-01-27T14:25:35Z,
161,379,ChIJTW1sJjbzaS4R3dLZuM7aRVI,2003-05-30T20:24:21Z,
162,218,ChIJmS8JUrT2aS4R99BZY-87klI,1973-12-13T11:13:19Z,
163,608,ChIJqT4xjkz2aS4Rchw7cwhotAk,1995-07-03T12:40:47Z,
164,778,ChIJMZdo9l7xaS4RX260ajTz9-Q,1998-03-15T12:23:01Z,
165,800,ChIJVyllMOL1aS4R5fVisPHnq-M,1997-06-02T17:39:27Z,
166,58,ChIJ9XaW1dXzaS4RdYApBrzQ-Q4,2008-08-21T08:10:36Z,
167,868,ChIJa7_Shg7zaS4RvqQKON4lSjQ,1997-06-20T19:56:15Z,
168,774,ChIJlTlbeInxaS4R69-iUDBNNtw,1977-03-17T18:07:46Z,
169,845,ChIJVyllMOL1aS4R5fVisPHnq-M,2009-09-05T12:08:18Z,
170,796,ChIJWTAQFkf1aS4R5VdtGaOQ60s,2021-08-13T14:29:00Z,
171,91,ChIJq4gFVIjxaS4RT7tBSmrflLI,2018-10-28T14:01:39Z,
172,820,ChIJsQOmkgj0aS4RHs7WWNfPiZE,2013-03-15T09:29:46Z,
173,536,ChIJsQOmkgj0aS4RHs7WWNfPiZE,2000-11-22T15:33:53Z,
174,642,ChIJa7_Shg7zaS4RvqQKON4lSjQ,1975-12-25T16:30:43Z,
175,188,ChIJZ3frHBX0aS4Rb3PvKlxkrHk,1991-04-11T03:46:55Z,
176,165,ChIJx_DulDn0aS4Rz1M0qxD0HXc,1979-01-04T21:21:39Z,
177,952,ChIJgw8nWvnxaS4RT17DoeMT93o,1986-01-20T05:44:16Z,
178,677,ChIJETO0FDLxaS4R7rjOTPersaY,1992-09-27T13:11:59Z,
179,878,ChIJi2bcxOv1aS4RRpyWk30UrUI,1972-09-26T15:16:03Z,
180,621,ChIJy7e0JS_0aS4R95MRrols1bk,2012-10-06T05:01:21Z,
181,963,ChIJ1V1pomv0aS4RuKukVVZqrI0,2001-07-18T21:57:30Z,
182,750,ChIJpfTkUJjzaS4RmNzWVlzVBjI,2002-11-04T09:04:34Z,
183,179,ChIJL_hVP5TzaS4R7xRcTWCjvQY,1990-03-21T02:27:34Z,
184,210,ChIJv4twJgX0aS4RPU85z_L9IIo,1986-08-03T16:06:05Z,
185,580,ChIJnauaQJP1aS4RDsAu9OYNn-c,1980-09-21T08:44:49Z,
186,303,ChIJpfTkUJjzaS4RmNzWVlzVBjI,1975-08-04T19:57:31Z,
187,904,ChIJ-8lqzk3zaS4Rh2M9FQYV9e4,1995-11-13T19:18:15Z,
188,993,ChIJ8ccilZPzaS4R6FvhaRIeJGM,1976-10-24T14:14:21Z,
189,91,ChIJW_4bsXP0aS4RdvVxk8IA3vc,2013-06-13T09:37:44Z,
190,257,ChIJ1_Zg-yPzaS4RIwjcrpDXCxA,1974-04-06T22:43:33Z,
191,947,ChIJNVc1Tnj2aS4RJjDPK_m5LPc,1971-04-27T16:08:04Z,
192,252,ChIJiw90zcj3aS4RoQA9YivPItA,2012-01-25T04:32:34Z,
193,658,ChIJfSWhHbD2aS4RSlEjjjW7Jvc,1998-04-09T12:56:58Z,
194,797,ChIJTW1sJjbzaS4R3dLZuM7aRVI,1990-07-08T12:51:40Z,
195,225,ChIJ1V1pomv0aS4RuKukVVZqrI0,1997-06-07T13:41:20Z,
196,622,ChIJmfUdzT7xaS4RmC5ZrzudiX4,1977-10-28T16:47:09Z,
197,764,ChIJMZdo9l7xaS4RX260ajTz9-Q,2002-01-15T06:28:44Z,
198,281,ChIJtX1aSBT0aS4RYeoXrSXRWCY,1992-01-02T20:44:04Z,
199,181,ChIJiw90zcj3aS4RoQA9YivPItA,1982-07-02T03:34:31Z,
200,263,ChIJAQAAADvxaS4RYy8Y43ojJmg,2014-01-24T21:21:46Z,
201,177,ChIJ8ccilZPzaS4R6FvhaRIeJGM,1973-12-24T19:09:02Z,
202,593,ChIJsSyuJj_0aS4RcemBZXiAhYc,1979-06-01T20:25:34Z,
203,56,ChIJgw-JUYjxaS4RrEbIUDPCWbQ,2009-04-19T22:53:14Z,
204,67,ChIJpfTkUJjzaS4RmNzWVlzVBjI,1991-11-15T20:15:10Z,
205,755,ChIJETO0FDLxaS4R7rjOTPersaY,1971-08-01T00:42:39Z,
206,678,ChIJq6ca0EjxaS4RfRbksOau540,1972-03-21T16:32:50Z,
207,456,ChIJv4twJgX0aS4RPU85z_L9IIo,1970-04-11T03:08:35Z,
208,416,ChIJIVgDwITzaS4RoLDF92SgAB0,2019-09-13T04:26:46Z,
209,581,ChIJi2bcxOv1aS4RRpyWk30UrUI,2017-11-08T20:38:13Z,
210,557,ChIJHxRrAlzxaS4ROnIj33hO9qc,1988-06-17T00:17:00Z,
211,479,ChIJIVgDwITzaS4RoLDF92SgAB0,2019-04-04T21:13:24Z,
212,595,ChIJ5264kWf1aS4R9ED7F-k4SFI,1985-10-04T05:37:05Z,
213,609,ChIJQdJl7__1aS4RqGHX18-Mblk,2017-06-04T00:21:58Z,
214,161,ChIJTW1sJjbzaS4R3dLZuM7aRVI,1999-10-20T03:18:03Z,
215,830,ChIJ5264kWf1aS4R9ED7F-k4SFI,1995-04-18T01:27:12Z,
216,577,ChIJxzoGIT_0aS4R-8F9vOO-kzk,1990-06-19T06:04:36Z,
217,796,ChIJv5x7qDTzaS4RYDqjIbdI1G4,2022-10-15T03:47:13Z,
218,558,ChIJuzwfzmfxaS4RIQjKYi4wfdc,1987-12-16T15:17:25Z,
219,84,ChIJ8ccilZPzaS4R6FvhaRIeJGM,1975-10-25T04:53:08Z,
220,279,ChIJq4gFVIjxaS4RT7tBSmrflLI,1979-01-11T07:38:49Z,
221,29,ChIJqT4xjkz2aS4Rchw7cwhotAk,1985-12-12T23:51:53Z,
222,449,ChIJ-8eV1_bzaS4RGcv6l8kxBsE,1998-11-24T06:39:33Z,
223,387,ChIJq6ca0EjxaS4RfRbksOau540,2012-02-24T22:21:43Z,
224,964,ChIJGVD9v071aS4RAUZnEuuv9cw,1973-12-16T11:03:51Z,
225,47,ChIJcwgt_yX0aS4R-914aD6UsyU,1998-11-13T14:11:37Z,
226,269,ChIJ1_Zg-yPzaS4RIwjcrpDXCxA,2014-02-13T17:05:42Z,
227,277,ChIJHxRrAlzxaS4ROnIj33hO9qc,2009-02-12T23:45:31Z,
228,859,ChIJf3dvwCT1aS4RHt8NU4_ajeg,1990-07-16T10:27:01Z,
229,552,ChIJv4twJgX0aS4RPU85z_L9IIo,2019-04-30T23:26:02Z,
230,400,ChIJ1V1pomv0aS4RuKukVVZqrI0,1981-12-10T20:20:30Z,
231,641,ChIJHcLzQRLxaS4Rmhp-mn31HRc,1974-02-22T21:41:04Z,
232,490,ChIJ0_F9RMfzaS4R8JtcOyfNnzU,2022-02-21T15:06:23Z,
233,76,ChIJgw-JUYjxaS4RrEbIUDPCWbQ,2009-12-16T19:26:44Z,
234,788,ChIJVyllMOL1aS4R5fVisPHnq-M,2002-06-24T11:08:45Z,
235,141,ChIJ9UFwzvbzaS4R91dtdzt6_U8,2010-05-23T09:30:22Z,
236,769,ChIJlTlbeInxaS4R69-iUDBNNtw,2019-06-03T15:03:53Z,
237,193,ChIJGVSN3fnzaS4R3w9qNDpIbjs,2000-03-21T11:49:40Z,
238,110,ChIJmS8JUrT2aS4R99BZY-87klI,1979-04-02T10:45:34Z,
239,784,ChIJGQ1hkdX1aS4Rq1rdFefMN38,1977-06-03T21:50:23Z,
240,919,ChIJUbFWB1vxaS4Rz4bnXgpxEoc,1978-08-02T00:40:37Z,
241,550,ChIJAQBAgSb0aS4Rpl46Fe8jWqA,1994-02-18T05:08:29Z,
242,95,ChIJyxJ9-5r3aS4Rju8Hgurw9ss,1989-11-30T08:41:50Z,
243,206,ChIJxzoGIT_0aS4R-8F9vOO-kzk,1995-02-24T01:04:45Z,
244,90,ChIJ6SEPNDz3aS4R4vV0JZXzhx8,2013-11-29T15:11:45Z,
245,555,ChIJ_2OANZjxaS4RFaJTQ2w8njs,2020-06-29T01:07:39Z,
246,148,ChIJC-Gvr3_zaS4Rn6xyGuAxWDE,1988-06-24T02:41:44Z,
247,666,ChIJL_hVP5TzaS4R7xRcTWCjvQY,1982-05-11T17:53:45Z,
248,311,ChIJ-8lqzk3zaS4Rh2M9FQYV9e4,2000-05-11T23:40:55Z,
249,438,ChIJy7e0JS_0aS4R95MRrols1bk,2002-04-08T20:11:27Z,
250,874,ChIJy7e0JS_0aS4R95MRrols1bk,1983-06-30T10:48:35Z,
251,877,ChIJ1V1pomv0aS4RuKukVVZqrI0,2017-09-24T20:03:06Z,
252,240,ChIJURGjzivyaS4ROAwJ5HY-wZA,1997-11-29T00:08:11Z,
253,169,ChIJR-d4u7LzaS4REMccUOjESM4,1972-07-11T12:23:06Z,
254,498,ChIJfYemRwX0aS4RdaYdCViX-5U,2017-03-06T07:13:31Z,
255,393,ChIJwUYPPlDxaS4RQfXf5-zv3Mg,2022-04-20T18:15:58Z,
256,477,ChIJe0AHSNT1aS4Ra_RDoELknFw,2000-02-28T22:48:29Z,
257,398,ChIJv-3vXEDxaS4R0nmvTmJc5WA,1997-04-16T17:56:10Z,
258,622,ChIJv-3vXEDxaS4R0nmvTmJc5WA,2013-10-02T08:19:51Z,
259,410,ChIJ0_F9RMfzaS4R8JtcOyfNnzU,2017-01-11T12:39:51Z,
260,39,ChIJy7e0JS_0aS4R95MRrols1bk,2007-08-16T08:30:49Z,
261,801,ChIJSSiBI8LxaS4RNNFCSObC2YE,1976-04-05T19:41:20Z,
262,816,ChIJmfUdzT7xaS4RmC5ZrzudiX4,1993-01-30T18:14:33Z,
263,197,ChIJ6SEPNDz3aS4R4vV0JZXzhx8,1989-03-12T14:22:14Z,
264,225,ChIJURGjzivyaS4ROAwJ5HY-wZA,2018-08-19T05:53:02Z,
265,366,ChIJlX0F7przaS4RiylbKJgpq-o,1991-05-01T07:05:09Z,
266,864,ChIJe0AHSNT1aS4Ra_RDoELknFw,1973-07-22T06:41:28Z,
267,588,ChIJ801wIyb0aS4RLceC1-Ez7HY,2007-07-15T10:02:34Z,
268,248,ChIJ9UFwzvbzaS4R91dtdzt6_U8,1993-10-28T12:28:29Z,
269,151,ChIJpfTkUJjzaS4RmNzWVlzVBjI,1978-01-04T04:06:13Z,
270,256,ChIJv4twJgX0aS4RPU85z_L9IIo,1996-09-21T19:47:37Z,
271,453,ChIJv5x7qDTzaS4RYDqjIbdI1G4,1994-02-26T01:32:00Z,
272,817,ChIJtX1aSBT0aS4RYeoXrSXRWCY,1991-05-21T21:14:27Z,
273,561,ChIJP_KCL7_xaS4RK-0fDLYtghU,2022-06-30T07:03:50Z,
274,855,ChIJBXQMVOzzaS4RVYIMC8ymGqk,1975-01-02T12:16:36Z,
275,772,ChIJHcLzQRLxaS4Rmhp-mn31HRc,2013-01-05T10:35:38Z,
276,678,ChIJcwgt_yX0aS4R-914aD6UsyU,1984-06-20T00:38:56Z,
277,187,ChIJsQOmkgj0aS4RHs7WWNfPiZE,1997-09-01T18:56:39Z,
278,689,ChIJ0wJppUjxaS4RowZMZwNYaqY,2010-03-17T23:09:50Z,
279,421,ChIJmS8JUrT2aS4R99BZY-87klI,1973-10-28T01:47:53Z,
280,222,ChIJw19o1YL0aS4RBaSpx6ev-VQ,2001-06-12T11:27:55Z,
281,412,ChIJL_hVP5TzaS4R7xRcTWCjvQY,1971-07-31T08:47:10Z,
282,208,ChIJ0aVF46v2aS4Rnh8lZ3d5tUQ,2012-02-04T19:50:03Z,
283,226,ChIJmfUdzT7xaS4RmC5ZrzudiX4,1992-11-27T12:02:06Z,
284,970,ChIJ5264kWf1aS4R9ED7F-k4SFI,2009-05-29T16:04:25Z,
285,980,ChIJGQ1hkdX1aS4Rq1rdFefMN38,2017-03-09T15:48:42Z,
286,906,ChIJy7e0JS_0aS4R95MRrols1bk,1994-02-27T10:25:40Z,
287,700,ChIJR-d4u7LzaS4REMccUOjESM4,2003-10-09T08:24:53Z,
288,670,ChIJf6MNsRj0aS4RDjI7MBqjIG4,1975-01-20T18:47:38Z,
289,893,ChIJGVSN3fnzaS4R3w9qNDpIbjs,1992-08-22T05:18:33Z,
290,782,ChIJURGjzivyaS4ROAwJ5HY-wZA,1970-08-20T23:29:54Z,
291,496,ChIJR-d4u7LzaS4REMccUOjESM4,2016-02-28T16:58:19Z,
292,457,ChIJG3_xiybyaS4RQ1Dv5Vaq2uI,1971-11-10T20:43:29Z,
293,158,ChIJPyAcAqj2aS4RvmUSW1Spylw,2003-05-21T16:01:22Z,
294,156,ChIJMZdo9l7xaS4RX260ajTz9-Q,1985-01-27T01:30:20Z,
295,139,ChIJpfTkUJjzaS4RmNzWVlzVBjI,2019-06-19T13:41:01Z,
296,850,ChIJZ3frHBX0aS4Rb3PvKlxkrHk,1975-02-15T18:46:16Z,
297,915,ChIJrxQ45X7xaS4RHH5b8A1WCqQ,1972-03-17T13:29:54Z,
298,714,ChIJv4twJgX0aS4RPU85z_L9IIo,2016-07-13T02:13:45Z,
299,683,ChIJNw5NzfPzaS4RmjeLMDY5IHE,2016-01-29T03:43:46Z,
300,841,ChIJ-WUWgGbxaS4RpyA6ZgEyvSQ,2017-05-28T12:39:42Z,
301,543,ChIJgw8nWvnxaS4RT17DoeMT93o,2011-10-15T09:05:23Z,
302,15,ChIJHcLzQRLxaS4Rmhp-mn31HRc,1995-02-23T21:16:25Z,
303,312,ChIJ09d8yrLzaS4RJSpBe3soAK8,1988-11-21T02:18:27Z,
304,845,ChIJHxRrAlzxaS4ROnIj33hO9qc,1997-11-27T22:06:35Z,
305,990,ChIJWTAQFkf1aS4R5VdtGaOQ60s,2009-12-04T16:09:48Z,
306,882,ChIJnauaQJP1aS4RDsAu9OYNn-c,2006-02-07T15:07:01Z,
307,814,ChIJSSiBI8LxaS4RNNFCSObC2YE,1976-03-03T11:28:58Z,
308,830,ChIJq4gFVIjxaS4RT7tBSmrflLI,1985-12-16T20:35:37Z,
309,486,ChIJiRm_8wz3aS4RY177Lp0wIQI,1976-11-17T22:53:06Z,
310,969,ChIJwWb9eQj0aS4Rp0okRO3P3-Y,2017-12-06T15:09:44Z,
311,90,ChIJmaMBRFz1aS4RtpAvB4xYGow,1991-10-29T03:45:40Z,
312,94,ChIJp8qLSgD0aS4RgRrAqtNTu7I,2007-12-12T17:15:45Z,
313,790,ChIJg7gmT4DxaS4RCzc0ClyYMGw,2004-10-09T11:33:58Z,
314,345,ChIJvQ15L9j1aS4R9Vg1P2V_scw,1985-06-23T17:17:27Z,
315,209,ChIJsSyuJj_0aS4RcemBZXiAhYc,2001-05-14T23:54:59Z,
316,981,ChIJ9XaW1dXzaS4RdYApBrzQ-Q4,2007-04-03T15:14:56Z,
317,332,ChIJW_4P3yfzaS4RgPMpfYJEilQ,2003-05-15T02:51:22Z,
318,151,ChIJlTlbeInxaS4R69-iUDBNNtw,1973-04-03T04:04:19Z,
319,58,ChIJ9UFwzvbzaS4R91dtdzt6_U8,2002-09-20T04:09:08Z,
320,567,ChIJC-Gvr3_zaS4Rn6xyGuAxWDE,1973-01-08T04:18:38Z,
321,634,ChIJPyAcAqj2aS4RvmUSW1Spylw,1994-06-25T19:00:10Z,
322,74,ChIJ0aVF46v2aS4Rnh8lZ3d5tUQ,2006-07-29T14:25:14Z,
323,417,ChIJsQOmkgj0aS4RHs7WWNfPiZE,2018-01-07T15:19:27Z,
324,201,ChIJB69uV3v1aS4Ra5IjAWeQWu4,2020-03-22T18:49:55Z,
325,426,ChIJw19o1YL0aS4RBaSpx6ev-VQ,2016-01-11T00:04:39Z,
326,87,ChIJGQ1hkdX1aS4Rq1rdFefMN38,1992-07-05T18:57:40Z,
327,471,ChIJa7_Shg7zaS4RvqQKON4lSjQ,1992-12-25T06:09:26Z,
328,797,ChIJW_4P3yfzaS4RgPMpfYJEilQ,2002-08-30T20:27:47Z,
329,923,ChIJmaMBRFz1aS4RtpAvB4xYGow,2015-12-10T10:41:00Z,
330,718,ChIJfSWhHbD2aS4RSlEjjjW7Jvc,1985-04-01T04:36:09Z,
331,658,ChIJI552ai_1aS4RcUT9cGVR6yI,2006-05-28T07:39:33Z,
332,631,ChIJf6MNsRj0aS4RDjI7MBqjIG4,2007-05-31T23:51:00Z,
333,73,ChIJrXXKvZLxaS4RiAQB48KKHBQ,1988-05-27T14:01:25Z,
334,78,ChIJGQ1hkdX1aS4Rq1rdFefMN38,2018-09-29T02:05:29Z,
335,721,ChIJKQIm3L3zaS4RoPhv_j0rx68,1974-02-15T20:30:32Z,
336,9,ChIJ-8eV1_bzaS4RGcv6l8kxBsE,2003-01-03T16:23:36Z,
337,682,ChIJC-Gvr3_zaS4Rn6xyGuAxWDE,2017-04-11T09:00:11Z,
338,315,ChIJrXXKvZLxaS4RiAQB48KKHBQ,2017-10-07T12:13:38Z,
339,618,ChIJfYemRwX0aS4RdaYdCViX-5U,1985-06-06T08:10:02Z,
340,939,ChIJGQ1hkdX1aS4Rq1rdFefMN38,1972-07-22T18:17:26Z,
341,775,ChIJiRm_8wz3aS4RY177Lp0wIQI,1973-09-10T23:54:53Z,
342,924,ChIJ9UFwzvbzaS4R91dtdzt6_U8,1977-12-01T13:36:27Z,
343,467,ChIJETO0FDLxaS4R7rjOTPersaY,2015-10-26T03:18:02Z,
344,165,ChIJUbFWB1vxaS4Rz4bnXgpxEoc,2005-02-17T18:38:21Z,
345,879,ChIJLxBcNEz1aS4Rz-ylGMhisWI,2003-03-02T18:56:33Z,
346,59,ChIJZ3frHBX0aS4Rb3PvKlxkrHk,2004-10-05T02:57:53Z,
347,608,ChIJp8qLSgD0aS4RgRrAqtNTu7I,1993-02-08T06:54:44Z,
348,500,ChIJw19o1YL0aS4RBaSpx6ev-VQ,1985-09-05T15:09:21Z,
349,224,ChIJr8K9asvzaS4R19qBYn2g1i4,2021-07-23T12:40:47Z,
350,229,ChIJf3dvwCT1aS4RHt8NU4_ajeg,1999-05-15T10:26:07Z,
351,420,ChIJtX1aSBT0aS4RYeoXrSXRWCY,2020-09-12T11:54:47Z,
352,829,ChIJNw5NzfPzaS4RmjeLMDY5IHE,1997-02-04T16:11:51Z,
353,739,ChIJv4twJgX0aS4RPU85z_L9IIo,2022-12-06T10:23:03Z,
354,593,ChIJ-8eV1_bzaS4RGcv6l8kxBsE,1987-01-15T16:39:57Z,
355,361,ChIJZ3frHBX0aS4Rb3PvKlxkrHk,1993-04-04T18:34:57Z,
356,712,ChIJy7e0JS_0aS4R95MRrols1bk,1978-09-08T11:26:08Z,
357,634,ChIJI552ai_1aS4RcUT9cGVR6yI,2019-05-17T10:13:44Z,
358,103,ChIJW_4P3yfzaS4RgPMpfYJEilQ,1974-03-17T08:21:40Z,
359,457,ChIJf6MNsRj0aS4RDjI7MBqjIG4,1977-05-09T11:48:27Z,
360,91,ChIJAQBAgSb0aS4Rpl46Fe8jWqA,1971-08-19T04:55:25Z,
361,392,ChIJGVD9v071aS4RAUZnEuuv9cw,2012-06-17T06:08:56Z,
362,892,ChIJmaMBRFz1aS4RtpAvB4xYGow,2017-11-27T19:59:00Z,
363,464,ChIJwWb9eQj0aS4Rp0okRO3P3-Y,1987-06-09T09:11:37Z,
364,401,ChIJ-8eV1_bzaS4RGcv6l8kxBsE,2012-12-19T07:28:38Z,
365,685,ChIJW_4bsXP0aS4RdvVxk8IA3vc,2000-06-05T10:18:21Z,
366,540,ChIJBXQMVOzzaS4RVYIMC8ymGqk,2004-12-15T06:25:19Z,
367,913,ChIJPyAcAqj2aS4RvmUSW1Spylw,1971-11-13T17:49:55Z,
368,104,ChIJsQOmkgj0aS4RHs7WWNfPiZE,1972-10-21T09:14:04Z,
369,533,ChIJe0AHSNT1aS4Ra_RDoELknFw,1979-08-16T06:05:03Z,
370,431,ChIJC-Gvr3_zaS4Rn6xyGuAxWDE,2014-12-30T07:51:37Z,
371,36,ChIJuzwfzmfxaS4RIQjKYi4wfdc,2012-05-18T21:30:09Z,
372,813,ChIJp0ZODSz1aS4RdTVv3fRpvPI,1984-04-15T14:39:49Z,
373,884,ChIJC-Gvr3_zaS4Rn6xyGuAxWDE,2006-10-25T22:21:23Z,
374,476,ChIJ0wJppUjxaS4RowZMZwNYaqY,1972-02-07T08:10:25Z,
375,796,ChIJa7_Shg7zaS4RvqQKON4lSjQ,2022-06-13T14:08:08Z,
376,601,ChIJwWb9eQj0aS4Rp0okRO3P3-Y,2020-11-02T13:39:14Z,
377,582,ChIJG3_xiybyaS4RQ1Dv5Vaq2uI,1972-11-21T07:57:08Z,
378,503,ChIJLSH8Jz_0aS4R_fiIMX4JkO8,1993-04-02T23:48:36Z,
379,280,ChIJq4gFVIjxaS4RT7tBSmrflLI,1990-08-09T01:54:53Z,
380,968,ChIJETO0FDLxaS4R7rjOTPersaY,1996-08-01T20:42:28Z,
381,908,ChIJy7e0JS_0aS4R95MRrols1bk,1976-11-28T18:08:44Z,
382,363,ChIJW_4bsXP0aS4RdvVxk8IA3vc,1992-01-01T01:27:01Z,
383,614,ChIJcwgt_yX0aS4R-914aD6UsyU,1977-06-07T02:52:13Z,
384,797,ChIJNw5NzfPzaS4RmjeLMDY5IHE,1986-11-04T20:15:28Z,
385,750,ChIJa7_Shg7zaS4RvqQKON4lSjQ,2005-01-16T09:28:28Z,
386,912,ChIJW_4P3yfzaS4RgPMpfYJEilQ,1997-11-08T22:58:25Z,
387,119,ChIJsSyuJj_0aS4RcemBZXiAhYc,1996-02-24T11:20:59Z,
388,214,ChIJ09d8yrLzaS4RJSpBe3soAK8,1979-03-06T21:58:50Z,
389,519,ChIJy7e0JS_0aS4R95MRrols1bk,2005-04-23T11:43:37Z,
390,245,ChIJBWSyB_DxaS4RJ-Tmx2YgiWQ,2003-03-25T07:37:41Z,
391,356,ChIJrxQ45X7xaS4RHH5b8A1WCqQ,1976-02-14T03:34:39Z,
392,442,ChIJI552ai_1aS4RcUT9cGVR6yI,1981-07-28T06:54:34Z,
393,199,ChIJGQ1hkdX1aS4Rq1rdFefMN38,2000-05-17T05:06:03Z,
394,279,ChIJBWSyB_DxaS4RJ-Tmx2YgiWQ,1973-07-29T10:34:11Z,
395,112,ChIJwWb9eQj0aS4Rp0okRO3P3-Y,2013-12-18T17:20:27Z,
396,161,ChIJWTAQFkf1aS4R5VdtGaOQ60s,1973-02-21T15:22:24Z,
397,298,ChIJ4Umhf13xaS4RyFgMEN82SGw,2015-07-02T09:21:55Z,
398,757,ChIJiw90zcj3aS4RoQA9YivPItA,1984-06-16T05:36:29Z,
399,45,ChIJW_4P3yfzaS4RgPMpfYJEilQ,2003-01-16T05:27:08Z,
400,246,ChIJf6MNsRj0aS4RDjI7MBqjIG4,2007-05-31T12:56:48Z,
401,882,ChIJGVSN3fnzaS4R3w9qNDpIbjs,2009-01-18T18:56:17Z,
402,391,ChIJvQ15L9j1aS4R9Vg1P2V_scw,1975-08-04T11:03:23Z,
403,425,ChIJBWSyB_DxaS4RJ-Tmx2YgiWQ,2009-12-06T03:32:32Z,
404,875,ChIJnauaQJP1aS4RDsAu9OYNn-c,1973-11-15T23:07:18Z,
405,193,ChIJSSiBI8LxaS4RNNFCSObC2YE,1998-08-01T09:43:40Z,
406,985,ChIJa7_Shg7zaS4RvqQKON4lSjQ,1982-05-29T20:23:58Z,
407,914,ChIJQdJl7__1aS4RqGHX18-Mblk,1982-05-05T19:07:03Z,
408,615,ChIJYRUKpZTzaS4R23Mg0scMfSA,1980-07-13T13:07:28Z,
409,934,ChIJI552ai_1aS4RcUT9cGVR6yI,1975-10-23T12:49:04Z,
410,202,ChIJi2bcxOv1aS4RRpyWk30UrUI,1970-01-13T11:25:18Z,
411,994,ChIJe0AHSNT1aS4Ra_RDoELknFw,2019-05-22T00:39:53Z,
412,695,ChIJURGjzivyaS4ROAwJ5HY-wZA,2005-03-16T09:56:12Z,
413,192,ChIJJ0U1TiD0aS4RS43bPQZK6Dw,1984-05-25T00:40:28Z,
414,900,ChIJa7_Shg7zaS4RvqQKON4lSjQ,1986-11-20T19:22:14Z,
415,255,ChIJr8K9asvzaS4R19qBYn2g1i4,2014-02-23T10:39:29Z,
416,308,ChIJgfpdJw71aS4Rf9HLMDr7GQ8,2018-10-05T18:47:37Z,
417,295,ChIJHcLzQRLxaS4Rmhp-mn31HRc,2015-09-18T01:11:38Z,
418,975,ChIJMZdo9l7xaS4RX260ajTz9-Q,2006-12-13T18:08:06Z,
419,798,ChIJ0_F9RMfzaS4R8JtcOyfNnzU,2011-10-12T15:30:02Z,
420,276,ChIJ5264kWf1aS4R9ED7F-k4SFI,1999-07-08T09:06:48Z,
421,457,ChIJT5y3Kan2aS4RAOEQECMXGX8,1991-09-09T08:31:11Z,
422,746,ChIJURGjzivyaS4ROAwJ5HY-wZA,2007-12-06T02:44:38Z,
423,866,ChIJuzwfzmfxaS4RIQjKYi4wfdc,1983-05-26T22:38:06Z,
424,979,ChIJmS8JUrT2aS4R99BZY-87klI,1974-08-20T20:56:17Z,
425,277,ChIJi2bcxOv1aS4RRpyWk30UrUI,1982-01-30T03:39:40Z,
426,609,ChIJsQOmkgj0aS4RHs7WWNfPiZE,1989-04-26T11:34:59Z,
427,37,ChIJv5x7qDTzaS4RYDqjIbdI1G4,2020-08-10T00:41:41Z,
428,361,ChIJGQ1hkdX1aS4Rq1rdFefMN38,2006-10-11T07:13:19Z,
429,884,ChIJrXXKvZLxaS4RiAQB48KKHBQ,2001-06-29T21:17:24Z,
430,908,ChIJv5x7qDTzaS4RYDqjIbdI1G4,1995-03-16T12:44:43Z,
431,714,ChIJcwgt_yX0aS4R-914aD6UsyU,1989-05-31T13:40:19Z,
432,178,ChIJPyAcAqj2aS4RvmUSW1Spylw,1997-12-26T22:42:58Z,
433,991,ChIJB69uV3v1aS4Ra5IjAWeQWu4,1999-07-11T18:49:20Z,
434,646,ChIJIVgDwITzaS4RoLDF92SgAB0,1973-04-02T11:14:21Z,
435,850,ChIJqT4xjkz2aS4Rchw7cwhotAk,1991-01-18T22:00:58Z,
436,375,ChIJC-Gvr3_zaS4Rn6xyGuAxWDE,1973-09-24T11:40:46Z,
437,654,ChIJf6MNsRj0aS4RDjI7MBqjIG4,2011-12-05T09:15:10Z,
438,525,ChIJMZdo9l7xaS4RX260ajTz9-Q,1971-12-02T04:28:39Z,
439,673,ChIJAQAAADvxaS4RYy8Y43ojJmg,1986-07-16T10:55:54Z,
440,724,ChIJp0ZODSz1aS4RdTVv3fRpvPI,1986-04-22T05:23:23Z,
441,117,ChIJxzoGIT_0aS4R-8F9vOO-kzk,1992-09-13T19:46:41Z,
442,495,ChIJQdJl7__1aS4RqGHX18-Mblk,2008-01-08T05:58:07Z,
443,441,ChIJP_KCL7_xaS4RK-0fDLYtghU,1997-02-10T23:16:39Z,
444,858,ChIJgfpdJw71aS4Rf9HLMDr7GQ8,1979-09-16T09:22:04Z,
445,225,ChIJW_4P3yfzaS4RgPMpfYJEilQ,1977-04-29T11:49:19Z,
446,453,ChIJw19o1YL0aS4RBaSpx6ev-VQ,2013-01-26T08:19:28Z,
447,738,ChIJiw90zcj3aS4RoQA9YivPItA,1976-07-14T08:57:53Z,
448,846,ChIJsSyuJj_0aS4RcemBZXiAhYc,2022-10-22T13:47:10Z,
449,291,ChIJG3_xiybyaS4RQ1Dv5Vaq2uI,1993-08-11T19:25:31Z,
450,729,ChIJHxRrAlzxaS4ROnIj33hO9qc,2006-10-29T03:15:51Z,
451,908,ChIJf3dvwCT1aS4RHt8NU4_ajeg,1985-11-11T22:08:37Z,
452,737,ChIJ1_Zg-yPzaS4RIwjcrpDXCxA,1995-04-11T16:28:22Z,
453,944,ChIJT5y3Kan2aS4RAOEQECMXGX8,1993-03-22T02:16:06Z,
454,26,ChIJB69uV3v1aS4Ra5IjAWeQWu4,2000-08-07T10:49:47Z,
455,364,ChIJe0AHSNT1aS4Ra_RDoELknFw,1972-12-01T22:56:31Z,
456,2,ChIJgw-JUYjxaS4RrEbIUDPCWbQ,1981-04-24T07:33:39Z,
457,993,ChIJB69uV3v1aS4Ra5IjAWeQWu4,1986-07-20T15:13:12Z,
458,985,ChIJNw5NzfPzaS4RmjeLMDY5IHE,2000-06-23T01:19:42Z,
459,902,ChIJ09d8yrLzaS4RJSpBe3soAK8,1997-06-22T21:27:43Z,
460,607,ChIJAQBAgSb0aS4Rpl46Fe8jWqA,1974-12-03T09:57:00Z,
461,424,ChIJmfUdzT7xaS4RmC5ZrzudiX4,2009-01-01T11:33:01Z,
462,556,ChIJ1V1pomv0aS4RuKukVVZqrI0,1974-11-04T04:33:42Z,
463,906,ChIJ0wJppUjxaS4RowZMZwNYaqY,1996-07-25T04:06:31Z,
464,253,ChIJx_DulDn0aS4Rz1M0qxD0HXc,1987-08-16T20:34:06Z,
465,638,ChIJG3_xiybyaS4RQ1Dv5Vaq2uI,1983-07-14T16:43:13Z,
466,819,ChIJn29omlLxaS4R_jLgTKMrEAI,1984-10-14T00:37:01Z,
467,249,ChIJYRUKpZTzaS4R23Mg0scMfSA,2003-09-02T02:14:41Z,
468,32,ChIJsQOmkgj0aS4RHs7WWNfPiZE,2002-12-21T04:56:17Z,
469,327,ChIJTW1sJjbzaS4R3dLZuM7aRVI,1986-01-03T13:59:19Z,
470,472,ChIJ-8eV1_bzaS4RGcv6l8kxBsE,2018-01-29T16:09:42Z,
471,574,ChIJNw5NzfPzaS4RmjeLMDY5IHE,2017-09-01T17:57:38Z,
472,780,ChIJf6MNsRj0aS4RDjI7MBqjIG4,2021-01-08T11:47:22Z,
473,418,ChIJqT4xjkz2aS4Rchw7cwhotAk,2018-03-07T01:08:51Z,
474,848,ChIJrxQ45X7xaS4RHH5b8A1WCqQ,1973-09-22T12:41:33Z,
475,408,ChIJqT4xjkz2aS4Rchw7cwhotAk,2008-07-17T11:08:44Z,
476,926,ChIJv5x7qDTzaS4RYDqjIbdI1G4,1984-10-25T20:33:58Z,
477,90,ChIJvQ15L9j1aS4R9Vg1P2V_scw,1976-10-01T11:11:23Z,
478,756,ChIJHxRrAlzxaS4ROnIj33hO9qc,2022-06-21T11:16:33Z,
479,214,ChIJq4gFVIjxaS4RT7tBSmrflLI,1987-12-28T20:28:14Z,
480,607,ChIJwUYPPlDxaS4RQfXf5-zv3Mg,2007-07-24T22:14:20Z,
481,719,ChIJMZdo9l7xaS4RX260ajTz9-Q,1971-11-01T07:08:03Z,
482,921,ChIJf3dvwCT1aS4RHt8NU4_ajeg,2012-04-26T16:08:57Z,
483,69,ChIJ0_F9RMfzaS4R8JtcOyfNnzU,1976-10-01T07:40:03Z,
484,877,ChIJrxQ45X7xaS4RHH5b8A1WCqQ,2020-08-08T14:35:42Z,
485,237,ChIJAQBAgSb0aS4Rpl46Fe8jWqA,1980-01-15T00:20:21Z,
486,809,ChIJZevTJgz1aS4RglNKF1FgdNA,1995-02-12T21:20:19Z,
487,419,ChIJwUYPPlDxaS4RQfXf5-zv3Mg,2016-03-20T23:08:13Z,
488,119,ChIJe0AHSNT1aS4Ra_RDoELknFw,2007-01-07T18:34:55Z,
489,292,ChIJx_DulDn0aS4Rz1M0qxD0HXc,1986-09-22T15:55:16Z,
490,269,ChIJsSyuJj_0aS4RcemBZXiAhYc,1984-04-02T02:07:12Z,
491,622,ChIJe0AHSNT1aS4Ra_RDoELknFw,1971-12-10T16:41:25Z,
492,216,ChIJBXQMVOzzaS4RVYIMC8ymGqk,1999-01-31T05:56:06Z,
493,466,ChIJZ3frHBX0aS4Rb3PvKlxkrHk,2010-08-27T11:14:05Z,
494,205,ChIJ0wJppUjxaS4RowZMZwNYaqY,1987-05-14T15:48:27Z,
495,352,ChIJn29omlLxaS4R_jLgTKMrEAI,2010-09-25T14:06:34Z,
496,104,ChIJyxJ9-5r3aS4Rju8Hgurw9ss,1982-07-28T09:02:11Z,
497,725,ChIJGQ1hkdX1aS4Rq1rdFefMN38,1978-11-19T06:02:57Z,
498,219,ChIJe0AHSNT1aS4Ra_RDoELknFw,1981-12-30T11:24:44Z,
499,531,ChIJB69uV3v1aS4Ra5IjAWeQWu4,2012-10-04T04:44:43Z,
500,459,ChIJBWSyB_DxaS4RJ-Tmx2YgiWQ,1983-02-10T04:13:11Z,
501,271,ChIJg7gmT4DxaS4RCzc0ClyYMGw,1979-08-12T11:54:27Z,
502,177,ChIJiRm_8wz3aS4RY177Lp0wIQI,1980-08-27T17:34:20Z,
503,383,ChIJZevTJgz1aS4RglNKF1FgdNA,1997-12-31T01:40:42Z,
504,267,ChIJAQAAADvxaS4RYy8Y43ojJmg,1989-08-26T18:00:36Z,
505,690,ChIJLSH8Jz_0aS4R_fiIMX4JkO8,2011-10-15T17:16:21Z,
506,967,ChIJ6SEPNDz3aS4R4vV0JZXzhx8,1995-04-29T05:04:31Z,
507,82,ChIJ5264kWf1aS4R9ED7F-k4SFI,2013-02-03T18:18:18Z,
508,600,ChIJB69uV3v1aS4Ra5IjAWeQWu4,2007-12-14T09:29:23Z,
509,897,ChIJf6MNsRj0aS4RDjI7MBqjIG4,1985-12-19T03:40:40Z,
510,16,ChIJuzwfzmfxaS4RIQjKYi4wfdc,1987-09-03T07:39:25Z,
511,28,ChIJq4gFVIjxaS4RT7tBSmrflLI,2011-03-16T09:12:19Z,
512,192,ChIJHxRrAlzxaS4ROnIj33hO9qc,1981-01-21T01:26:27Z,
513,779,ChIJtX1aSBT0aS4RYeoXrSXRWCY,1971-02-12T00:33:38Z,
514,744,ChIJGVD9v071aS4RAUZnEuuv9cw,2002-10-31T13:48:31Z,
515,942,ChIJn29omlLxaS4R_jLgTKMrEAI,2010-03-16T11:20:42Z,
516,327,ChIJq6ca0EjxaS4RfRbksOau540,1971-01-22T16:06:01Z,
517,718,ChIJZ3frHBX0aS4Rb3PvKlxkrHk,1970-01-18T08:52:36Z,
518,795,ChIJ1_Zg-yPzaS4RIwjcrpDXCxA,1979-06-07T23:12:31Z,
519,401,ChIJfYemRwX0aS4RdaYdCViX-5U,1972-08-15T13:32:32Z,
520,529,ChIJ801wIyb0aS4RLceC1-Ez7HY,1983-02-16T17:13:59Z,
521,971,ChIJyxJ9-5r3aS4Rju8Hgurw9ss,1984-10-08T12:32:41Z,
522,190,ChIJv-3vXEDxaS4R0nmvTmJc5WA,1993-07-28T18:51:44Z,
523,984,ChIJAQAAADvxaS4RYy8Y43ojJmg,2005-12-10T13:29:55Z,
524,79,ChIJSSiBI8LxaS4RNNFCSObC2YE,1986-03-04T06:54:55Z,
525,833,ChIJJ0U1TiD0aS4RS43bPQZK6Dw,1976-05-27T16:29:35Z,
526,927,ChIJgw8nWvnxaS4RT17DoeMT93o,2011-01-09T20:14:29Z,
527,288,ChIJv4twJgX0aS4RPU85z_L9IIo,2003-05-15T09:09:51Z,
528,150,ChIJvQ15L9j1aS4R9Vg1P2V_scw,1982-03-21T23:45:55Z,
529,718,ChIJZ3frHBX0aS4Rb3PvKlxkrHk,1971-12-16T21:57:15Z,
530,671,ChIJZevTJgz1aS4RglNKF1FgdNA,1980-07-25T02:56:48Z,
531,190,ChIJ1_Zg-yPzaS4RIwjcrpDXCxA,1976-04-02T09:52:50Z,
532,498,ChIJ6SEPNDz3aS4R4vV0JZXzhx8,1992-01-15T02:22:36Z,
533,495,ChIJw19o1YL0aS4RBaSpx6ev-VQ,2011-07-05T12:28:08Z,
534,232,ChIJ1V1pomv0aS4RuKukVVZqrI0,1985-02-12T11:18:46Z,
535,369,ChIJLSH8Jz_0aS4R_fiIMX4JkO8,2016-05-30T18:31:54Z,
536,966,ChIJxzoGIT_0aS4R-8F9vOO-kzk,2003-06-30T00:48:15Z,
537,421,ChIJ0wJppUjxaS4RowZMZwNYaqY,2012-02-16T17:57:08Z,
538,327,ChIJ1_Zg-yPzaS4RIwjcrpDXCxA,1986-07-13T01:12:21Z,
539,716,ChIJBWSyB_DxaS4RJ-Tmx2YgiWQ,2018-09-13T00:28:30Z,
540,244,ChIJYRUKpZTzaS4R23Mg0scMfSA,2013-08-05T06:40:50Z,
541,476,ChIJIVgDwITzaS4RoLDF92SgAB0,1979-02-11T18:14:14Z,
542,241,ChIJW_4P3yfzaS4RgPMpfYJEilQ,1999-01-13T07:26:02Z,
543,427,ChIJa7_Shg7zaS4RvqQKON4lSjQ,1983-10-15T05:35:19Z,
544,17,ChIJYRUKpZTzaS4R23Mg0scMfSA,1992-02-27T02:15:21Z,
545,361,ChIJ0wJppUjxaS4RowZMZwNYaqY,1999-04-29T13:29:17Z,
546,480,ChIJa7_Shg7zaS4RvqQKON4lSjQ,1995-09-06T06:43:26Z,
547,179,ChIJKQIm3L3zaS4RoPhv_j0rx68,1995-12-26T02:29:25Z,
548,547,ChIJw19o1YL0aS4RBaSpx6ev-VQ,1987-03-23T06:47:31Z,
549,903,ChIJf6MNsRj0aS4RDjI7MBqjIG4,1980-09-25T17:07:40Z,
550,553,ChIJP_KCL7_xaS4RK-0fDLYtghU,1980-02-16T12:07:52Z,
551,631,ChIJZevTJgz1aS4RglNKF1FgdNA,1998-05-24T07:01:53Z,
552,873,ChIJuzwfzmfxaS4RIQjKYi4wfdc,2020-04-06T17:03:20Z,
553,339,ChIJw19o1YL0aS4RBaSpx6ev-VQ,1995-05-20T01:50:31Z,
554,953,ChIJZevTJgz1aS4RglNKF1FgdNA,1971-08-13T16:25:04Z,
555,122,ChIJHxRrAlzxaS4ROnIj33hO9qc,1998-01-15T14:07:28Z,
556,817,ChIJBXQMVOzzaS4RVYIMC8ymGqk,1996-07-07T18:58:35Z,
557,269,ChIJmfUdzT7xaS4RmC5ZrzudiX4,2010-04-10T11:08:35Z,
558,790,ChIJGVD9v071aS4RAUZnEuuv9cw,1972-02-19T12:48:10Z,
559,982,ChIJAQBAgSb0aS4Rpl46Fe8jWqA,2013-06-17T05:40:21Z,
560,447,ChIJ1V1pomv0aS4RuKukVVZqrI0,1979-02-22T01:22:09Z,
561,309,ChIJp0ZODSz1aS4RdTVv3fRpvPI,1985-05-29T02:57:27Z,
562,512,ChIJG3_xiybyaS4RQ1Dv5Vaq2uI,1972-04-11T23:33:17Z,
563,556,ChIJIVgDwITzaS4RoLDF92SgAB0,1976-05-27T12:41:47Z,
564,528,ChIJgw8nWvnxaS4RT17DoeMT93o,2014-07-01T02:29:39Z,
565,832,ChIJnauaQJP1aS4RDsAu9OYNn-c,2009-04-13T05:41:24Z,
566,298,ChIJWTAQFkf1aS4R5VdtGaOQ60s,1977-01-04T05:35:22Z,
567,128,ChIJZevTJgz1aS4RglNKF1FgdNA,2021-09-08T21:09:57Z,
568,887,ChIJBXQMVOzzaS4RVYIMC8ymGqk,1983-05-09T02:32:09Z,
569,564,ChIJcwgt_yX0aS4R-914aD6UsyU,1979-07-31T21:54:10Z,
570,917,ChIJJ0U1TiD0aS4RS43bPQZK6Dw,1981-12-28T14:22:09Z,
571,671,ChIJJ0U1TiD0aS4RS43bPQZK6Dw,1975-05-15T20:57:29Z,
572,852,ChIJ-8lqzk3zaS4Rh2M9FQYV9e4,1980-12-17T17:43:45Z,
573,224,ChIJ801wIyb0aS4RLceC1-Ez7HY,2015-11-30T11:00:28Z,
574,445,ChIJL_hVP5TzaS4R7xRcTWCjvQY,2015-10-21T01:46:48Z,
575,511,ChIJBXQMVOzzaS4RVYIMC8ymGqk,1985-01-31T11:58:21Z,
576,869,ChIJMZdo9l7xaS4RX260ajTz9-Q,1974-09-17T09:54:20Z,
577,467,ChIJ6SEPNDz3aS4R4vV0JZXzhx8,1970-01-29T03:40:24Z,
578,630,ChIJW_4bsXP0aS4RdvVxk8IA3vc,1974-12-12T04:39:37Z,
579,318,ChIJn29omlLxaS4R_jLgTKMrEAI,2022-11-12T07:29:08Z,
580,191,ChIJQdJl7__1aS4RqGHX18-Mblk,2000-09-17T12:31:15Z,
581,673,ChIJYRUKpZTzaS4R23Mg0scMfSA,2003-10-30T07:08:57Z,
582,133,ChIJfYemRwX0aS4RdaYdCViX-5U,2022-05-12T11:35:54Z,
583,672,ChIJgfpdJw71aS4Rf9HLMDr7GQ8,1978-12-23T13:06:07Z,
584,294,ChIJWTAQFkf1aS4R5VdtGaOQ60s,1988-03-12T18:53:43Z,
585,240,ChIJW_4bsXP0aS4RdvVxk8IA3vc,1994-02-03T11:41:54Z,
586,749,ChIJQdJl7__1aS4RqGHX18-Mblk,2005-10-26T06:52:58Z,
587,488,ChIJAQAAADvxaS4RYy8Y43ojJmg,1985-04-05T10:12:20Z,
588,715,ChIJ1V1pomv0aS4RuKukVVZqrI0,2014-05-06T15:25:01Z,
589,791,ChIJAQAAADvxaS4RYy8Y43ojJmg,2015-12-03T21:04:24Z,
590,223,ChIJrxQ45X7xaS4RHH5b8A1WCqQ,1984-05-03T17:40:07Z,
591,292,ChIJrxQ45X7xaS4RHH5b8A1WCqQ,1982-02-23T01:52:06Z,
592,537,ChIJqT4xjkz2aS4Rchw7cwhotAk,2003-11-07T14:37:07Z,
593,527,ChIJiRm_8wz3aS4RY177Lp0wIQI,1970-09-12T20:43:59Z,
594,413,ChIJgfpdJw71aS4Rf9HLMDr7GQ8,2008-05-16T14:47:02Z,
595,398,ChIJHxRrAlzxaS4ROnIj33hO9qc,2015-04-04T05:55:37Z,
596,154,ChIJPyAcAqj2aS4RvmUSW1Spylw,2017-04-27T16:22:45Z,
597,95,ChIJ8ccilZPzaS4R6FvhaRIeJGM,2021-02-11T00:15:11Z,
598,478,ChIJG3_xiybyaS4RQ1Dv5Vaq2uI,1982-03-14T16:33:29Z,
599,985,ChIJvQ15L9j1aS4R9Vg1P2V_scw,1991-01-23T05:50:10Z,
600,253,ChIJ1V1pomv0aS4RuKukVVZqrI0,1997-03-21T17:29:18Z,
601,61,ChIJr8K9asvzaS4R19qBYn2g1i4,2018-01-13T05:44:53Z,
602,188,ChIJI552ai_1aS4RcUT9cGVR6yI,2009-01-22T18:57:52Z,
603,839,ChIJLxBcNEz1aS4Rz-ylGMhisWI,1997-07-15T02:13:36Z,
604,153,ChIJiw90zcj3aS4RoQA9YivPItA,2006-06-02T05:20:49Z,
605,157,ChIJQdJl7__1aS4RqGHX18-Mblk,2018-05-03T04:29:33Z,
606,210,ChIJa7_Shg7zaS4RvqQKON4lSjQ,2008-10-07T11:59:10Z,
607,714,ChIJrXXKvZLxaS4RiAQB48KKHBQ,2010-10-18T20:51:30Z,
608,607,ChIJsQOmkgj0aS4RHs7WWNfPiZE,1985-04-22T10:35:13Z,
609,775,ChIJ_2OANZjxaS4RFaJTQ2w8njs,1995-03-21T04:34:18Z,
610,306,ChIJwUYPPlDxaS4RQfXf5-zv3Mg,2007-01-04T04:07:19Z,
611,441,ChIJ1_Zg-yPzaS4RIwjcrpDXCxA,1973-08-27T23:52:49Z,
612,106,ChIJwWb9eQj0aS4Rp0okRO3P3-Y,1973-06-11T06:43:27Z,
613,178,ChIJrXXKvZLxaS4RiAQB48KKHBQ,1982-03-26T05:07:38Z,
614,177,ChIJwUYPPlDxaS4RQfXf5-zv3Mg,1973-05-11T19:23:29Z,
615,619,ChIJT5y3Kan2aS4RAOEQECMXGX8,1994-05-18T23:23:37Z,
616,402,ChIJ0wJppUjxaS4RowZMZwNYaqY,1978-04-19T00:47:24Z,
617,889,ChIJ9XaW1dXzaS4RdYApBrzQ-Q4,1985-06-05T09:21:37Z,
618,124,ChIJ_2OANZjxaS4RFaJTQ2w8njs,1998-05-04T14:53:35Z,
619,944,ChIJ0wJppUjxaS4RowZMZwNYaqY,1974-06-22T14:47:02Z,
620,807,ChIJ09d8yrLzaS4RJSpBe3soAK8,1987-09-10T00:32:43Z,
621,48,ChIJ_2OANZjxaS4RFaJTQ2w8njs,1999-06-13T21:43:26Z,
622,524,ChIJTW1sJjbzaS4R3dLZuM7aRVI,1998-12-01T16:56:39Z,
623,947,ChIJ1V1pomv0aS4RuKukVVZqrI0,1995-04-04T05:44:19Z,
624,317,ChIJNVc1Tnj2aS4RJjDPK_m5LPc,1995-01-26T07:04:24Z,
625,654,ChIJn29omlLxaS4R_jLgTKMrEAI,1993-01-10T09:05:29Z,
626,566,ChIJNVc1Tnj2aS4RJjDPK_m5LPc,2001-08-18T06:52:41Z,
627,528,ChIJuzwfzmfxaS4RIQjKYi4wfdc,2009-10-16T18:29:14Z,
628,1,ChIJv4twJgX0aS4RPU85z_L9IIo,1978-10-25T00:11:39Z,
629,682,ChIJqT4xjkz2aS4Rchw7cwhotAk,2002-12-19T06:15:51Z,
630,942,ChIJ1_Zg-yPzaS4RIwjcrpDXCxA,1989-02-26T09:17:21Z,
631,787,ChIJYRUKpZTzaS4R23Mg0scMfSA,1972-06-15T06:30:59Z,
632,363,ChIJmaMBRFz1aS4RtpAvB4xYGow,1991-12-29T20:44:10Z,
633,80,ChIJiw90zcj3aS4RoQA9YivPItA,1970-11-19T14:34:27Z,
634,953,ChIJmfUdzT7xaS4RmC5ZrzudiX4,2007-08-24T01:17:38Z,
635,276,ChIJ1V1pomv0aS4RuKukVVZqrI0,1978-01-29T08:27:22Z,
636,89,ChIJ-8eV1_bzaS4RGcv6l8kxBsE,2021-10-19T06:59:39Z,
637,403,ChIJ-WUWgGbxaS4RpyA6ZgEyvSQ,2021-07-08T02:23:52Z,
638,967,ChIJw19o1YL0aS4RBaSpx6ev-VQ,1979-08-30T20:45:28Z,
639,768,ChIJqT4xjkz2aS4Rchw7cwhotAk,1992-09-05T05:27:11Z,
640,616,ChIJiw90zcj3aS4RoQA9YivPItA,2002-09-06T19:40:48Z,
641,653,ChIJiw90zcj3aS4RoQA9YivPItA,2012-08-26T12:41:46Z,
642,586,ChIJ1V1pomv0aS4RuKukVVZqrI0,2014-03-31T12:39:41Z,
643,451,ChIJGVSN3fnzaS4R3w9qNDpIbjs,2020-12-29T04:17:23Z,
644,456,ChIJWTAQFkf1aS4R5VdtGaOQ60s,2012-05-08T00:07:05Z,
645,921,ChIJv4twJgX0aS4RPU85z_L9IIo,1987-12-04T17:20:17Z,
646,776,ChIJxzoGIT_0aS4R-8F9vOO-kzk,2016-05-01T00:30:12Z,
647,894,ChIJy7e0JS_0aS4R95MRrols1bk,1972-07-04T21:57:33Z,
648,430,ChIJC-Gvr3_zaS4Rn6xyGuAxWDE,1987-09-02T20:49:31Z,
649,959,ChIJgw8nWvnxaS4RT17DoeMT93o,1988-10-20T07:54:28Z,
650,358,ChIJAQBAgSb0aS4Rpl46Fe8jWqA,2014-04-12T19:11:24Z,
651,184,ChIJNVc1Tnj2aS4RJjDPK_m5LPc,1976-08-12T14:51:42Z,
652,845,ChIJ0wJppUjxaS4RowZMZwNYaqY,1973-03-17T23:47:53Z,
653,808,ChIJwUYPPlDxaS4RQfXf5-zv3Mg,2014-01-29T14:24:45Z,
654,139,ChIJHcLzQRLxaS4Rmhp-mn31HRc,2013-05-07T10:49:34Z,
655,812,ChIJURGjzivyaS4ROAwJ5HY-wZA,2012-04-21T09:41:05Z,
656,825,ChIJg7gmT4DxaS4RCzc0ClyYMGw,2007-10-17T16:29:20Z,
657,442,ChIJR-d4u7LzaS4REMccUOjESM4,2009-09-13T04:18:21Z,
658,540,ChIJr8K9asvzaS4R19qBYn2g1i4,1985-07-28T20:07:27Z,
659,826,ChIJWTAQFkf1aS4R5VdtGaOQ60s,1982-11-29T06:11:51Z,
660,5,ChIJQdJl7__1aS4RqGHX18-Mblk,1979-11-14T20:14:33Z,
661,708,ChIJp0ZODSz1aS4RdTVv3fRpvPI,2006-09-11T15:49:51Z,
662,691,ChIJyxJ9-5r3aS4Rju8Hgurw9ss,1994-11-19T10:16:29Z,
663,895,ChIJa7_Shg7zaS4RvqQKON4lSjQ,1975-01-24T15:02:06Z,
664,371,ChIJpfTkUJjzaS4RmNzWVlzVBjI,2021-07-22T07:24:25Z,
665,970,ChIJGVSN3fnzaS4R3w9qNDpIbjs,1994-07-26T20:20:17Z,
666,30,ChIJHcLzQRLxaS4Rmhp-mn31HRc,1980-09-14T06:58:47Z,
667,180,ChIJsQOmkgj0aS4RHs7WWNfPiZE,2017-12-13T22:21:17Z,
668,647,ChIJLSH8Jz_0aS4R_fiIMX4JkO8,1973-06-17T08:27:15Z,
669,878,ChIJW_4P3yfzaS4RgPMpfYJEilQ,1989-06-05T18:05:35Z,
670,799,ChIJpfTkUJjzaS4RmNzWVlzVBjI,1983-06-08T07:19:17Z,
671,735,ChIJZevTJgz1aS4RglNKF1FgdNA,2014-07-17T22:57:36Z,
672,293,ChIJa7_Shg7zaS4RvqQKON4lSjQ,2000-12-08T18:06:53Z,
673,17,ChIJPyAcAqj2aS4RvmUSW1Spylw,2015-06-08T02:13:39Z,
674,873,ChIJGVSN3fnzaS4R3w9qNDpIbjs,1972-05-21T07:53:17Z,
675,61,ChIJSSiBI8LxaS4RNNFCSObC2YE,1970-03-20T14:14:40Z,
676,628,ChIJmaMBRFz1aS4RtpAvB4xYGow,1987-02-14T05:34:08Z,
677,981,ChIJETO0FDLxaS4R7rjOTPersaY,1992-07-04T15:49:22Z,
678,967,ChIJ-WUWgGbxaS4RpyA6ZgEyvSQ,2021-11-18T21:54:08Z,
679,277,ChIJtX1aSBT0aS4RYeoXrSXRWCY,1998-05-21T06:13:36Z,
680,787,ChIJUbFWB1vxaS4Rz4bnXgpxEoc,1992-02-11T01:14:35Z,
681,831,ChIJgw-JUYjxaS4RrEbIUDPCWbQ,2014-02-03T23:04:38Z,
682,130,ChIJx_DulDn0aS4Rz1M0qxD0HXc,1982-01-01T21:52:48Z,
683,395,ChIJmS8JUrT2aS4R99BZY-87klI,1972-10-27T06:19:38Z,
684,985,ChIJUbFWB1vxaS4Rz4bnXgpxEoc,2008-07-27T00:13:19Z,
685,552,ChIJBWSyB_DxaS4RJ-Tmx2YgiWQ,1983-05-29T23:08:56Z,
686,381,ChIJx_DulDn0aS4Rz1M0qxD0HXc,1983-09-02T04:15:30Z,
687,126,ChIJMZdo9l7xaS4RX260ajTz9-Q,1973-02-03T10:31:17Z,
688,667,ChIJURGjzivyaS4ROAwJ5HY-wZA,1986-06-22T04:20:17Z,
689,398,ChIJR-d4u7LzaS4REMccUOjESM4,1997-08-11T21:27:49Z,
690,250,ChIJ8ccilZPzaS4R6FvhaRIeJGM,2008-02-26T21:33:50Z,
691,968,ChIJnauaQJP1aS4RDsAu9OYNn-c,2004-08-02T12:21:41Z,
692,812,ChIJJ0U1TiD0aS4RS43bPQZK6Dw,1994-07-19T21:20:18Z,
693,614,ChIJL_hVP5TzaS4R7xRcTWCjvQY,2006-01-13T16:34:37Z,
694,425,ChIJAQBAgSb0aS4Rpl46Fe8jWqA,1976-09-18T19:14:11Z,
695,479,ChIJHxRrAlzxaS4ROnIj33hO9qc,1995-03-24T20:43:51Z,
696,49,ChIJKQIm3L3zaS4RoPhv_j0rx68,1990-08-17T06:33:59Z,
697,55,ChIJf3dvwCT1aS4RHt8NU4_ajeg,2012-10-17T17:32:09Z,
698,388,ChIJcwgt_yX0aS4R-914aD6UsyU,2021-09-26T03:41:08Z,
699,935,ChIJZ3frHBX0aS4Rb3PvKlxkrHk,1984-12-09T17:00:54Z,
700,413,ChIJT5y3Kan2aS4RAOEQECMXGX8,2020-06-13T08:27:13Z,
701,694,ChIJURGjzivyaS4ROAwJ5HY-wZA,2003-03-13T07:40:58Z,
702,336,ChIJq6ca0EjxaS4RfRbksOau540,2011-12-29T06:24:33Z,
703,777,ChIJcwgt_yX0aS4R-914aD6UsyU,1979-01-21T07:51:51Z,
704,829,ChIJlX0F7przaS4RiylbKJgpq-o,2000-08-06T04:08:25Z,
705,54,ChIJ0_F9RMfzaS4R8JtcOyfNnzU,2006-05-17T11:10:09Z,
706,428,ChIJmS8JUrT2aS4R99BZY-87klI,1981-03-31T13:21:04Z,
707,629,ChIJmfUdzT7xaS4RmC5ZrzudiX4,2016-09-24T06:08:49Z,
708,341,ChIJ1V1pomv0aS4RuKukVVZqrI0,2007-06-02T19:56:58Z,
709,232,ChIJsSyuJj_0aS4RcemBZXiAhYc,2009-03-31T12:20:53Z,
710,744,ChIJn29omlLxaS4R_jLgTKMrEAI,2014-05-16T05:25:08Z,
711,443,ChIJrxQ45X7xaS4RHH5b8A1WCqQ,2010-03-14T17:27:06Z,
712,739,ChIJZ3frHBX0aS4Rb3PvKlxkrHk,1986-06-24T07:05:51Z,
713,451,ChIJG3_xiybyaS4RQ1Dv5Vaq2uI,2020-05-31T10:32:06Z,
714,315,ChIJL_hVP5TzaS4R7xRcTWCjvQY,1987-07-20T14:05:01Z,
715,114,ChIJpfTkUJjzaS4RmNzWVlzVBjI,1994-10-28T00:18:56Z,
716,113,ChIJcwgt_yX0aS4R-914aD6UsyU,1994-12-24T16:12:29Z,
717,434,ChIJBWSyB_DxaS4RJ-Tmx2YgiWQ,1983-01-11T17:08:50Z,
718,707,ChIJpfTkUJjzaS4RmNzWVlzVBjI,2021-04-04T18:27:36Z,
719,251,ChIJfYemRwX0aS4RdaYdCViX-5U,2006-11-15T14:04:59Z,
720,486,ChIJVyllMOL1aS4R5fVisPHnq-M,2019-09-18T00:45:45Z,
721,190,ChIJrXXKvZLxaS4RiAQB48KKHBQ,1996-06-28T12:26:18Z,
722,877,ChIJ1_Zg-yPzaS4RIwjcrpDXCxA,1994-11-16T07:47:56Z,
723,124,ChIJf3dvwCT1aS4RHt8NU4_ajeg,1998-03-03T15:28:03Z,
724,111,ChIJ6SEPNDz3aS4R4vV0JZXzhx8,1980-08-03T19:59:11Z,
725,923,ChIJWTAQFkf1aS4R5VdtGaOQ60s,1999-03-28T23:06:56Z,
726,897,ChIJp8qLSgD0aS4RgRrAqtNTu7I,1998-05-14T23:58:27Z,
727,561,ChIJvQ15L9j1aS4R9Vg1P2V_scw,1991-08-22T01:01:02Z,
728,429,ChIJWTAQFkf1aS4R5VdtGaOQ60s,1976-08-29T21:29:14Z,
729,127,ChIJURGjzivyaS4ROAwJ5HY-wZA,1996-10-07T23:40:11Z,
730,441,ChIJHxRrAlzxaS4ROnIj33hO9qc,2015-06-29T18:29:13Z,
731,742,ChIJpfTkUJjzaS4RmNzWVlzVBjI,1973-02-12T06:27:26Z,
732,311,ChIJcwgt_yX0aS4R-914aD6UsyU,2014-04-06T01:23:03Z,
733,253,ChIJR-d4u7LzaS4REMccUOjESM4,2018-02-16T20:33:41Z,
734,660,ChIJHcLzQRLxaS4Rmhp-mn31HRc,1996-07-26T02:13:12Z,
735,556,ChIJsQOmkgj0aS4RHs7WWNfPiZE,1971-10-16T11:10:41Z,
736,987,ChIJ5264kWf1aS4R9ED7F-k4SFI,1977-02-24T12:42:50Z,
737,485,ChIJAQAAADvxaS4RYy8Y43ojJmg,2003-04-28T19:55:20Z,
738,420,ChIJsSyuJj_0aS4RcemBZXiAhYc,2007-12-11T02:01:05Z,
739,98,ChIJQdJl7__1aS4RqGHX18-Mblk,2009-07-09T16:02:13Z,
740,84,ChIJrXXKvZLxaS4RiAQB48KKHBQ,1974-06-10T18:32:14Z,
741,598,ChIJr8K9asvzaS4R19qBYn2g1i4,1997-06-10T08:41:44Z,
742,527,ChIJlTlbeInxaS4R69-iUDBNNtw,2022-06-15T08:34:31Z,
743,474,ChIJfYemRwX0aS4RdaYdCViX-5U,2020-04-05T13:19:10Z,
744,911,ChIJHxRrAlzxaS4ROnIj33hO9qc,1981-05-24T16:20:41Z,
745,540,ChIJJ0U1TiD0aS4RS43bPQZK6Dw,1996-08-12T06:59:52Z,
746,400,ChIJ_2OANZjxaS4RFaJTQ2w8njs,1999-02-07T08:45:44Z,
747,522,ChIJxzoGIT_0aS4R-8F9vOO-kzk,2003-03-09T04:57:04Z,
748,38,ChIJw19o1YL0aS4RBaSpx6ev-VQ,2018-02-19T06:56:37Z,
749,921,ChIJg7gmT4DxaS4RCzc0ClyYMGw,1983-10-02T02:59:33Z,
750,547,ChIJ-8eV1_bzaS4RGcv6l8kxBsE,1988-11-01T23:44:21Z,
751,520,ChIJa7_Shg7zaS4RvqQKON4lSjQ,1985-09-10T15:59:46Z,
752,123,ChIJf3dvwCT1aS4RHt8NU4_ajeg,1984-01-22T08:03:48Z,
753,109,ChIJmfUdzT7xaS4RmC5ZrzudiX4,2019-11-21T22:43:27Z,
754,407,ChIJmaMBRFz1aS4RtpAvB4xYGow,2009-02-14T23:27:17Z,
755,498,ChIJwWb9eQj0aS4Rp0okRO3P3-Y,1972-03-31T23:13:41Z,
756,352,ChIJrXXKvZLxaS4RiAQB48KKHBQ,2009-11-28T00:17:55Z,
757,816,ChIJUbFWB1vxaS4Rz4bnXgpxEoc,2008-05-13T17:29:22Z,
758,780,ChIJwWb9eQj0aS4Rp0okRO3P3-Y,2010-01-28T02:05:11Z,
759,910,ChIJHxRrAlzxaS4ROnIj33hO9qc,2008-10-02T03:33:30Z,
760,869,ChIJBXQMVOzzaS4RVYIMC8ymGqk,2010-11-25T00:33:00Z,
761,696,ChIJ6SEPNDz3aS4R4vV0JZXzhx8,2008-02-24T08:19:20Z,
762,325,ChIJIVgDwITzaS4RoLDF92SgAB0,1994-03-12T07:53:03Z,
763,641,ChIJ-8eV1_bzaS4RGcv6l8kxBsE,1974-05-04T19:09:22Z,
764,461,ChIJy7e0JS_0aS4R95MRrols1bk,1997-02-08T11:15:19Z,
765,734,ChIJwUYPPlDxaS4RQfXf5-zv3Mg,2001-05-06T09:21:51Z,
766,471,ChIJAQBAgSb0aS4Rpl46Fe8jWqA,1981-10-19T16:57:26Z,
767,226,ChIJwUYPPlDxaS4RQfXf5-zv3Mg,1975-08-30T05:53:57Z,
768,620,ChIJ9UFwzvbzaS4R91dtdzt6_U8,1977-10-01T11:47:57Z,
769,270,ChIJa7_Shg7zaS4RvqQKON4lSjQ,1980-01-18T05:06:15Z,
770,67,ChIJf3dvwCT1aS4RHt8NU4_ajeg,2003-04-05T00:45:27Z,
771,388,ChIJv5x7qDTzaS4RYDqjIbdI1G4,2014-06-06T20:35:24Z,
772,883,ChIJp8qLSgD0aS4RgRrAqtNTu7I,1982-05-20T15:31:00Z,
773,178,ChIJyxJ9-5r3aS4Rju8Hgurw9ss,2007-07-22T02:59:52Z,
774,101,ChIJf6MNsRj0aS4RDjI7MBqjIG4,2006-01-13T06:37:01Z,
775,167,ChIJvQ15L9j1aS4R9Vg1P2V_scw,2016-01-24T00:11:38Z,
776,346,ChIJgw8nWvnxaS4RT17DoeMT93o,2017-12-10T23:22:04Z,
777,301,ChIJq4gFVIjxaS4RT7tBSmrflLI,2008-07-02T20:43:35Z,
778,725,ChIJLSH8Jz_0aS4R_fiIMX4JkO8,1991-04-24T06:23:34Z,
779,283,ChIJx_DulDn0aS4Rz1M0qxD0HXc,2011-06-14T11:55:33Z,
780,326,ChIJ0_F9RMfzaS4R8JtcOyfNnzU,1990-06-26T08:27:17Z,
781,66,ChIJfYemRwX0aS4RdaYdCViX-5U,1991-09-19T04:15:25Z,
782,698,ChIJL_hVP5TzaS4R7xRcTWCjvQY,1975-01-24T03:55:55Z,
783,946,ChIJHcLzQRLxaS4Rmhp-mn31HRc,1992-07-03T09:23:45Z,
784,789,ChIJq6ca0EjxaS4RfRbksOau540,1971-07-02T14:16:51Z,
785,114,ChIJa7_Shg7zaS4RvqQKON4lSjQ,1970-09-09T08:16:04Z,
786,887,ChIJf6MNsRj0aS4RDjI7MBqjIG4,1995-05-22T18:50:03Z,
787,905,ChIJx_DulDn0aS4Rz1M0qxD0HXc,1990-10-21T11:06:33Z,
788,539,ChIJwUYPPlDxaS4RQfXf5-zv3Mg,2011-12-07T19:18:33Z,
789,542,ChIJgw8nWvnxaS4RT17DoeMT93o,2000-02-26T10:07:45Z,
790,125,ChIJf6MNsRj0aS4RDjI7MBqjIG4,2012-10-22T08:16:17Z,
791,298,ChIJPyAcAqj2aS4RvmUSW1Spylw,2019-02-08T11:06:02Z,
792,472,ChIJTW1sJjbzaS4R3dLZuM7aRVI,1996-09-01T16:26:34Z,
793,275,ChIJw19o1YL0aS4RBaSpx6ev-VQ,1970-05-15T17:25:08Z,
794,454,ChIJlTlbeInxaS4R69-iUDBNNtw,1996-03-14T02:31:48Z,
795,531,ChIJNw5NzfPzaS4RmjeLMDY5IHE,2001-10-10T01:11:17Z,
796,246,ChIJwUYPPlDxaS4RQfXf5-zv3Mg,2004-05-28T00:59:25Z,
797,953,ChIJ09d8yrLzaS4RJSpBe3soAK8,1987-12-27T06:03:13Z,
798,971,ChIJfSWhHbD2aS4RSlEjjjW7Jvc,2007-06-23T10:09:07Z,
799,618,ChIJ-WUWgGbxaS4RpyA6ZgEyvSQ,2017-11-28T18:34:11Z,
800,836,ChIJ1_Zg-yPzaS4RIwjcrpDXCxA,2013-08-02T01:11:30Z,
801,31,ChIJvQ15L9j1aS4R9Vg1P2V_scw,2021-01-11T12:42:12Z,
802,93,ChIJf6MNsRj0aS4RDjI7MBqjIG4,2010-04-06T04:00:18Z,
803,884,ChIJlTlbeInxaS4R69-iUDBNNtw,1983-03-01T12:53:39Z,
804,398,ChIJv4twJgX0aS4RPU85z_L9IIo,1971-08-03T17:34:22Z,
805,902,ChIJHxRrAlzxaS4ROnIj33hO9qc,2009-04-19T06:03:18Z,
806,442,ChIJqT4xjkz2aS4Rchw7cwhotAk,1977-10-10T09:53:30Z,
807,213,ChIJG3_xiybyaS4RQ1Dv5Vaq2uI,1985-03-10T11:52:40Z,
808,646,ChIJL_hVP5TzaS4R7xRcTWCjvQY,1974-03-28T02:35:26Z,
809,790,ChIJtX1aSBT0aS4RYeoXrSXRWCY,2021-03-26T06:57:24Z,
810,726,ChIJAQAAADvxaS4RYy8Y43ojJmg,1975-07-16T01:43:30Z,
811,422,ChIJETO0FDLxaS4R7rjOTPersaY,2002-08-29T07:10:41Z,
812,687,ChIJR-d4u7LzaS4REMccUOjESM4,2004-06-16T13:39:47Z,
813,808,ChIJgfpdJw71aS4Rf9HLMDr7GQ8,1970-07-01T22:55:31Z,
814,866,ChIJsSyuJj_0aS4RcemBZXiAhYc,1970-01-09T20:57:37Z,
815,202,ChIJx_DulDn0aS4Rz1M0qxD0HXc,1985-11-29T06:25:02Z,
816,172,ChIJETO0FDLxaS4R7rjOTPersaY,1997-12-30T10:16:06Z,
817,744,ChIJNVc1Tnj2aS4RJjDPK_m5LPc,1994-07-05T18:50:48Z,
818,175,ChIJ9XaW1dXzaS4RdYApBrzQ-Q4,1991-09-20T15:36:01Z,
819,736,ChIJp8qLSgD0aS4RgRrAqtNTu7I,1985-02-22T16:51:30Z,
820,34,ChIJvQ15L9j1aS4R9Vg1P2V_scw,1978-06-03T23:46:44Z,
821,521,ChIJUbFWB1vxaS4Rz4bnXgpxEoc,2000-11-07T01:14:08Z,
822,624,ChIJC-Gvr3_zaS4Rn6xyGuAxWDE,1993-08-21T04:30:39Z,
823,358,ChIJBWSyB_DxaS4RJ-Tmx2YgiWQ,1993-06-09T21:20:41Z,
824,596,ChIJfSWhHbD2aS4RSlEjjjW7Jvc,2015-07-08T15:03:04Z,
825,241,ChIJURGjzivyaS4ROAwJ5HY-wZA,1988-03-04T03:13:53Z,
826,807,ChIJf6MNsRj0aS4RDjI7MBqjIG4,1982-04-24T17:07:22Z,
827,173,ChIJrxQ45X7xaS4RHH5b8A1WCqQ,1994-11-19T12:17:58Z,
828,379,ChIJuzwfzmfxaS4RIQjKYi4wfdc,1983-09-02T05:41:42Z,
829,79,ChIJ9XaW1dXzaS4RdYApBrzQ-Q4,2007-11-30T06:00:50Z,
830,588,ChIJETO0FDLxaS4R7rjOTPersaY,1991-09-09T00:00:17Z,
831,289,ChIJAQAAADvxaS4RYy8Y43ojJmg,2016-07-16T18:16:07Z,
832,391,ChIJiRm_8wz3aS4RY177Lp0wIQI,1991-01-17T12:24:22Z,
833,772,ChIJfSWhHbD2aS4RSlEjjjW7Jvc,1993-07-07T01:17:12Z,
834,525,ChIJ9UFwzvbzaS4R91dtdzt6_U8,2009-05-13T06:03:38Z,
835,109,ChIJf3dvwCT1aS4RHt8NU4_ajeg,1978-11-15T23:38:23Z,
836,855,ChIJAQAAADvxaS4RYy8Y43ojJmg,2003-03-20T15:55:32Z,
837,799,ChIJrxQ45X7xaS4RHH5b8A1WCqQ,1978-01-30T13:43:41Z,
838,105,ChIJYRUKpZTzaS4R23Mg0scMfSA,1985-05-24T08:38:19Z,
839,67,ChIJNw5NzfPzaS4RmjeLMDY5IHE,2003-08-06T20:44:16Z,
840,557,ChIJf6MNsRj0aS4RDjI7MBqjIG4,1974-01-16T13:31:24Z,
841,704,ChIJLSH8Jz_0aS4R_fiIMX4JkO8,1995-06-23T11:47:37Z,
842,103,ChIJvQ15L9j1aS4R9Vg1P2V_scw,1989-08-20T20:52:29Z,
843,58,ChIJgRjK06TxaS4RBD-wD_3NM4c,2017-10-21T10:29:28Z,
844,516,ChIJAQAAADvxaS4RYy8Y43ojJmg,2004-06-25T02:30:36Z,
845,658,ChIJUbFWB1vxaS4Rz4bnXgpxEoc,1996-05-16T15:22:48Z,
846,847,ChIJwWb9eQj0aS4Rp0okRO3P3-Y,1970-10-29T10:51:57Z,
847,92,ChIJv5x7qDTzaS4RYDqjIbdI1G4,2022-12-15T14:45:54Z,
848,517,ChIJlX0F7przaS4RiylbKJgpq-o,2013-02-02T00:17:32Z,
849,646,ChIJ8ccilZPzaS4R6FvhaRIeJGM,1979-02-13T11:22:13Z,
850,960,ChIJsQOmkgj0aS4RHs7WWNfPiZE,2000-12-09T17:27:38Z,
851,638,ChIJHcLzQRLxaS4Rmhp-mn31HRc,1973-01-24T09:41:51Z,
852,232,ChIJC-Gvr3_zaS4Rn6xyGuAxWDE,2009-02-14T04:10:46Z,
853,748,ChIJNw5NzfPzaS4RmjeLMDY5IHE,1979-01-08T19:52:40Z,
854,302,ChIJR-d4u7LzaS4REMccUOjESM4,1988-07-04T23:44:51Z,
855,777,ChIJ8ccilZPzaS4R6FvhaRIeJGM,1974-12-26T07:45:53Z,
856,87,ChIJgw-JUYjxaS4RrEbIUDPCWbQ,2013-07-23T10:04:20Z,
857,971,ChIJrXXKvZLxaS4RiAQB48KKHBQ,1983-06-25T01:10:03Z,
858,913,ChIJpfTkUJjzaS4RmNzWVlzVBjI,1991-07-30T23:11:12Z,
859,956,ChIJv5x7qDTzaS4RYDqjIbdI1G4,2017-08-15T11:38:36Z,
860,43,ChIJVyllMOL1aS4R5fVisPHnq-M,1980-04-20T03:58:51Z,
861,561,ChIJyxJ9-5r3aS4Rju8Hgurw9ss,1999-11-06T01:41:50Z,
862,278,ChIJHxRrAlzxaS4ROnIj33hO9qc,2007-05-08T02:58:33Z,
863,386,ChIJ5264kWf1aS4R9ED7F-k4SFI,2006-03-18T07:10:56Z,
864,23,ChIJBXQMVOzzaS4RVYIMC8ymGqk,2021-03-26T08:22:03Z,
865,745,ChIJgfpdJw71aS4Rf9HLMDr7GQ8,1999-06-21T02:34:29Z,
866,522,ChIJHxRrAlzxaS4ROnIj33hO9qc,1998-11-24T20:21:08Z,
867,553,ChIJ1V1pomv0aS4RuKukVVZqrI0,2021-06-11T22:22:21Z,
868,340,ChIJi2bcxOv1aS4RRpyWk30UrUI,1995-06-04T18:41:19Z,
869,431,ChIJ_2OANZjxaS4RFaJTQ2w8njs,1983-04-28T18:01:03Z,
870,414,ChIJ8ccilZPzaS4R6FvhaRIeJGM,2019-12-25T09:28:52Z,
871,137,ChIJf3dvwCT1aS4RHt8NU4_ajeg,2001-06-08T12:17:42Z,
872,47,ChIJv-3vXEDxaS4R0nmvTmJc5WA,2001-11-14T11:47:51Z,
873,531,ChIJNw5NzfPzaS4RmjeLMDY5IHE,1999-11-26T15:09:40Z,
874,504,ChIJB69uV3v1aS4Ra5IjAWeQWu4,2022-11-12T17:54:03Z,
875,973,ChIJgw-JUYjxaS4RrEbIUDPCWbQ,1979-01-05T14:37:22Z,
876,728,ChIJHxRrAlzxaS4ROnIj33hO9qc,1977-02-19T18:48:22Z,
877,641,ChIJPyAcAqj2aS4RvmUSW1Spylw,1988-12-23T05:31:44Z,
878,718,ChIJiRm_8wz3aS4RY177Lp0wIQI,1978-04-02T00:48:16Z,
879,554,ChIJy7e0JS_0aS4R95MRrols1bk,1983-06-08T03:52:15Z,
880,594,ChIJp8qLSgD0aS4RgRrAqtNTu7I,1995-07-30T01:06:04Z,
881,462,ChIJx_DulDn0aS4Rz1M0qxD0HXc,1976-07-23T03:48:44Z,
882,276,ChIJHcLzQRLxaS4Rmhp-mn31HRc,2005-03-20T13:53:11Z,
883,152,ChIJJ0U1TiD0aS4RS43bPQZK6Dw,2006-11-15T17:06:47Z,
884,635,ChIJcwgt_yX0aS4R-914aD6UsyU,1987-01-28T21:42:02Z,
885,13,ChIJmS8JUrT2aS4R99BZY-87klI,1987-04-20T05:09:19Z,
886,688,ChIJ-WUWgGbxaS4RpyA6ZgEyvSQ,1973-08-08T07:19:12Z,
887,349,ChIJq4gFVIjxaS4RT7tBSmrflLI,2004-07-30T10:25:59Z,
888,265,ChIJ0_F9RMfzaS4R8JtcOyfNnzU,1991-04-30T13:37:39Z,
889,846,ChIJsQOmkgj0aS4RHs7WWNfPiZE,2011-05-31T14:23:49Z,
890,834,ChIJ-WUWgGbxaS4RpyA6ZgEyvSQ,2011-06-16T08:39:49Z,
891,982,ChIJ0aVF46v2aS4Rnh8lZ3d5tUQ,1988-07-10T21:08:42Z,
892,759,ChIJp0ZODSz1aS4RdTVv3fRpvPI,2019-02-13T00:50:11Z,
893,408,ChIJ_2OANZjxaS4RFaJTQ2w8njs,1990-01-31T07:00:53Z,
894,469,ChIJxzoGIT_0aS4R-8F9vOO-kzk,1996-12-06T11:01:39Z,
895,535,ChIJ801wIyb0aS4RLceC1-Ez7HY,1972-12-22T18:55:42Z,
896,237,ChIJTW1sJjbzaS4R3dLZuM7aRVI,2000-04-20T03:24:06Z,
897,495,ChIJ1_Zg-yPzaS4RIwjcrpDXCxA,1999-10-18T17:28:31Z,
898,373,ChIJqT4xjkz2aS4Rchw7cwhotAk,2021-11-07T13:18:37Z,
899,669,ChIJtX1aSBT0aS4RYeoXrSXRWCY,1987-07-09T13:59:58Z,
900,909,ChIJgfpdJw71aS4Rf9HLMDr7GQ8,2010-01-01T12:29:34Z,
901,758,ChIJpfTkUJjzaS4RmNzWVlzVBjI,1987-03-26T19:01:37Z,
902,285,ChIJLxBcNEz1aS4Rz-ylGMhisWI,2001-10-14T15:06:44Z,
903,205,ChIJQdJl7__1aS4RqGHX18-Mblk,1996-04-20T05:03:54Z,
904,711,ChIJB69uV3v1aS4Ra5IjAWeQWu4,1980-08-18T17:31:59Z,
905,908,ChIJq4gFVIjxaS4RT7tBSmrflLI,1998-04-26T01:11:30Z,
906,932,ChIJ09d8yrLzaS4RJSpBe3soAK8,1979-01-02T17:44:43Z,
907,874,ChIJgfpdJw71aS4Rf9HLMDr7GQ8,1971-05-28T20:17:43Z,
908,669,ChIJgRjK06TxaS4RBD-wD_3NM4c,2020-05-01T19:46:23Z,
909,483,ChIJC-Gvr3_zaS4Rn6xyGuAxWDE,1999-11-13T23:03:42Z,
910,459,ChIJiw90zcj3aS4RoQA9YivPItA,1972-09-04T13:43:00Z,
911,74,ChIJBWSyB_DxaS4RJ-Tmx2YgiWQ,1978-12-06T14:56:10Z,
912,388,ChIJp8qLSgD0aS4RgRrAqtNTu7I,2001-04-28T20:21:08Z,
913,65,ChIJ1V1pomv0aS4RuKukVVZqrI0,2018-08-07T16:03:34Z,
914,945,ChIJe0AHSNT1aS4Ra_RDoELknFw,2003-05-21T14:27:27Z,
915,907,ChIJgfpdJw71aS4Rf9HLMDr7GQ8,2006-11-27T08:00:13Z,
916,665,ChIJ-WUWgGbxaS4RpyA6ZgEyvSQ,1982-09-20T17:09:10Z,
917,225,ChIJHxRrAlzxaS4ROnIj33hO9qc,1980-07-06T01:15:44Z,
918,111,ChIJAQAAADvxaS4RYy8Y43ojJmg,1995-03-08T10:25:19Z,
919,769,ChIJlX0F7przaS4RiylbKJgpq-o,1994-10-09T05:14:38Z,
920,993,ChIJ801wIyb0aS4RLceC1-Ez7HY,2011-10-23T20:43:49Z,
921,87,ChIJB69uV3v1aS4Ra5IjAWeQWu4,2010-10-05T20:50:59Z,
922,82,ChIJL_hVP5TzaS4R7xRcTWCjvQY,1982-12-10T13:21:05Z,
923,728,ChIJwUYPPlDxaS4RQfXf5-zv3Mg,1970-09-09T16:35:12Z,
924,341,ChIJxzoGIT_0aS4R-8F9vOO-kzk,1996-02-22T14:30:30Z,
925,738,ChIJR-d4u7LzaS4REMccUOjESM4,2001-07-31T16:58:24Z,
926,617,ChIJGQ1hkdX1aS4Rq1rdFefMN38,2013-04-22T16:19:53Z,
927,897,ChIJgw-JUYjxaS4RrEbIUDPCWbQ,1970-07-02T16:39:41Z,
928,481,ChIJ-8eV1_bzaS4RGcv6l8kxBsE,1993-03-09T23:29:21Z,
929,211,ChIJv-3vXEDxaS4R0nmvTmJc5WA,2013-02-14T15:00:21Z,
930,193,ChIJfSWhHbD2aS4RSlEjjjW7Jvc,1977-09-02T14:52:43Z,
931,468,ChIJ0aVF46v2aS4Rnh8lZ3d5tUQ,1985-10-16T13:14:41Z,
932,128,ChIJmS8JUrT2aS4R99BZY-87klI,2017-05-21T13:56:10Z,
933,754,ChIJfYemRwX0aS4RdaYdCViX-5U,2014-06-27T00:06:41Z,
934,141,ChIJZ3frHBX0aS4Rb3PvKlxkrHk,2012-07-19T21:18:34Z,
935,725,ChIJ5264kWf1aS4R9ED7F-k4SFI,1984-04-11T14:04:21Z,
936,687,ChIJsQOmkgj0aS4RHs7WWNfPiZE,1993-08-03T18:35:05Z,
937,774,ChIJMZdo9l7xaS4RX260ajTz9-Q,2021-10-06T19:56:32Z,
938,131,ChIJ0_F9RMfzaS4R8JtcOyfNnzU,1983-09-10T23:00:03Z,
939,388,ChIJP_KCL7_xaS4RK-0fDLYtghU,1980-12-18T00:22:01Z,
940,494,ChIJNw5NzfPzaS4RmjeLMDY5IHE,1991-10-26T20:45:49Z,
941,114,ChIJlX0F7przaS4RiylbKJgpq-o,2019-01-29T22:00:58Z,
942,376,ChIJBXQMVOzzaS4RVYIMC8ymGqk,2013-02-22T20:05:52Z,
943,84,ChIJW_4bsXP0aS4RdvVxk8IA3vc,1976-06-20T01:12:10Z,
944,883,ChIJGVSN3fnzaS4R3w9qNDpIbjs,2001-05-15T05:45:52Z,
945,714,ChIJ4Umhf13xaS4RyFgMEN82SGw,1981-05-10T22:26:29Z,
946,144,ChIJSSiBI8LxaS4RNNFCSObC2YE,1970-05-07T08:11:34Z,
947,367,ChIJf6MNsRj0aS4RDjI7MBqjIG4,1994-01-09T03:54:49Z,
948,560,ChIJcwgt_yX0aS4R-914aD6UsyU,1981-07-02T18:23:30Z,
949,432,ChIJUbFWB1vxaS4Rz4bnXgpxEoc,2021-08-13T20:00:26Z,
950,198,ChIJVyllMOL1aS4R5fVisPHnq-M,2010-09-01T08:56:21Z,
951,118,ChIJlX0F7przaS4RiylbKJgpq-o,1992-07-11T05:57:50Z,
952,383,ChIJVyllMOL1aS4R5fVisPHnq-M,2008-03-17T08:43:01Z,
953,109,ChIJMZdo9l7xaS4RX260ajTz9-Q,1976-10-14T06:56:07Z,
954,990,ChIJf3dvwCT1aS4RHt8NU4_ajeg,2015-08-30T04:29:34Z,
955,652,ChIJv-3vXEDxaS4R0nmvTmJc5WA,1991-06-16T16:31:14Z,
956,431,ChIJT5y3Kan2aS4RAOEQECMXGX8,2022-09-11T12:20:19Z,
957,771,ChIJPyAcAqj2aS4RvmUSW1Spylw,2011-11-01T14:52:51Z,
958,776,ChIJf3dvwCT1aS4RHt8NU4_ajeg,1972-03-31T22:21:19Z,
959,66,ChIJQdJl7__1aS4RqGHX18-Mblk,2018-02-11T06:37:15Z,
960,308,ChIJL_hVP5TzaS4R7xRcTWCjvQY,2018-12-11T16:59:29Z,
961,157,ChIJZ3frHBX0aS4Rb3PvKlxkrHk,2020-04-14T07:46:58Z,
962,386,ChIJg7gmT4DxaS4RCzc0ClyYMGw,2021-01-23T03:54:14Z,
963,626,ChIJw19o1YL0aS4RBaSpx6ev-VQ,1978-06-12T09:31:20Z,
964,751,ChIJJ0U1TiD0aS4RS43bPQZK6Dw,1997-12-15T04:26:04Z,
965,100,ChIJWTAQFkf1aS4R5VdtGaOQ60s,1981-07-27T06:15:50Z,
966,367,ChIJ9UFwzvbzaS4R91dtdzt6_U8,1983-12-17T11:38:51Z,
967,537,ChIJmS8JUrT2aS4R99BZY-87klI,2001-12-27T14:41:29Z,
968,476,ChIJwWb9eQj0aS4Rp0okRO3P3-Y,1997-12-09T18:54:46Z,
969,26,ChIJLxBcNEz1aS4Rz-ylGMhisWI,1995-08-20T07:16:50Z,
970,916,ChIJq4gFVIjxaS4RT7tBSmrflLI,2005-07-31T18:27:24Z,
971,503,ChIJNw5NzfPzaS4RmjeLMDY5IHE,1992-03-22T12:10:24Z,
972,918,ChIJrXXKvZLxaS4RiAQB48KKHBQ,2020-04-06T18:06:23Z,
973,312,ChIJP_KCL7_xaS4RK-0fDLYtghU,2008-07-24T07:42:44Z,
974,176,ChIJVyllMOL1aS4R5fVisPHnq-M,2013-01-19T05:08:24Z,
975,304,ChIJC-Gvr3_zaS4Rn6xyGuAxWDE,1979-10-27T18:15:19Z,
976,22,ChIJ6SEPNDz3aS4R4vV0JZXzhx8,1990-02-04T05:36:56Z,
977,291,ChIJT5y3Kan2aS4RAOEQECMXGX8,2012-03-02T09:50:42Z,
978,636,ChIJrxQ45X7xaS4RHH5b8A1WCqQ,2013-03-19T19:44:14Z,
979,444,ChIJ6SEPNDz3aS4R4vV0JZXzhx8,1976-05-27T23:30:13Z,
980,979,ChIJ0_F9RMfzaS4R8JtcOyfNnzU,2014-09-29T00:48:47Z,
981,76,ChIJLxBcNEz1aS4Rz-ylGMhisWI,1989-09-04T21:55:56Z,
982,904,ChIJq4gFVIjxaS4RT7tBSmrflLI,2004-08-02T04:09:59Z,
983,83,ChIJqT4xjkz2aS4Rchw7cwhotAk,1987-04-04T16:25:23Z,
984,268,ChIJmaMBRFz1aS4RtpAvB4xYGow,1985-03-09T07:54:22Z,
985,575,ChIJ9UFwzvbzaS4R91dtdzt6_U8,2002-07-08T13:56:21Z,
986,396,ChIJv5x7qDTzaS4RYDqjIbdI1G4,2011-12-17T08:17:13Z,
987,999,ChIJsQOmkgj0aS4RHs7WWNfPiZE,2002-02-08T16:07:48Z,
988,208,ChIJYRUKpZTzaS4R23Mg0scMfSA,2021-08-10T11:55:53Z,
989,405,ChIJgw8nWvnxaS4RT17DoeMT93o,2005-01-04T03:44:22Z,
990,264,ChIJGVSN3fnzaS4R3w9qNDpIbjs,1987-03-27T16:24:52Z,
991,853,ChIJNw5NzfPzaS4RmjeLMDY5IHE,2021-06-12T08:51:07Z,
992,786,ChIJW_4bsXP0aS4RdvVxk8IA3vc,1991-03-01T12:02:25Z,
993,933,ChIJwWb9eQj0aS4Rp0okRO3P3-Y,1993-03-20T22:25:14Z,
994,220,ChIJ801wIyb0aS4RLceC1-Ez7HY,1988-12-19T02:14:20Z,
995,835,ChIJ5264kWf1aS4R9ED7F-k4SFI,2014-10-03T20:32:45Z,
996,74,ChIJrxQ45X7xaS4RHH5b8A1WCqQ,2004-01-29T21:21:50Z,
997,425,ChIJVyllMOL1aS4R5fVisPHnq-M,2003-12-28T09:34:03Z,
998,109,ChIJnauaQJP1aS4RDsAu9OYNn-c,1984-12-07T11:49:55Z,
999,538,ChIJZ3frHBX0aS4Rb3PvKlxkrHk,1989-10-12T04:39:55Z,
1000,44,ChIJJ0U1TiD0aS4RS43bPQZK6Dw,1974-02-04T19:45:39Z,